surname,team_name,position,cost,goal_points,assist_points,clean_points,conceded_points,defcon_points,appearance_points,bonus_points,xPoints
Haaland,Man City,FWD,155,102.0,8.01,0.0,-0.0,0.007775604595057928,68.0,43.0,221.01777560459504
B.Fernandes,Man Utd,MID,120,53.949999999999996,36.839999999999996,8.06578947368421,-0.0,9.890561200228962,69.0,41.0,218.74635067391316
Gabriel,Arsenal,DEF,80,17.64,5.25,70.76023391812866,-2.412280701754386,25.740921525186923,62.0,30.0,208.97887474156119
Virgil,Liverpool,DEF,65,22.62,4.32,60.0,-8.0,33.98875917119439,76.0,10.0,198.92875917119437
Senesi,Spurs,DEF,60,9.18,14.16,38.45614035087719,-6.729824561403508,45.84711961735219,74.0,14.0,188.91343540682587
Thiago,Brentford,FWD,80,82.4,5.49,0.0,-0.0,1.260713076587732,75.0,22.0,186.15071307658775
Rice,Arsenal,MID,75,15.75,21.96,19.896491228070175,-0.0,28.432952867556956,71.0,23.0,180.03944409562712
Enzo,Chelsea,MID,70,56.3,21.78,5.463157894736843,-0.0,3.8568345803738393,71.0,19.0,177.39999247511068
Anderson,Man City,MID,65,14.7,14.370000000000001,11.69122807017544,-0.0,44.95297959679415,75.0,16.0,176.7142076669696
Guéhi,Man City,DEF,60,24.299999999999997,7.11,44.21052631578947,-4.605263157894736,19.341800447233876,70.0,14.0,174.35706360512862
Van Hecke,Spurs,DEF,50,19.86,4.71,37.5438596491228,-6.570175438596491,34.82812821295979,72.0,8.0,170.3718124234861
Semenyo,Man City,MID,85,55.5,9.36,11.228070175438598,-0.0,2.7470375498398725,72.0,18.0,168.83510772527848
Szoboszlai,Liverpool,MID,70,23.799999999999997,20.490000000000002,14.175438596491228,-0.0,17.144260076649857,72.0,21.0,168.60969867314108
Truffert,Bournemouth,DEF,55,8.100000000000001,9.209999999999999,43.459649122807015,-8.889473684210525,21.45427256393939,76.0,19.0,168.33444800253588
Tarkowski,Everton,DEF,60,15.18,6.300000000000001,27.263157894736842,-8.763157894736842,41.60183408281667,74.0,12.0,167.58183408281667
Garner,Everton,MID,60,10.5,18.54,6.985672514619884,-0.0,41.50360106089758,76.0,13.0,166.52927357551746
Mbeumo,Man Utd,MID,80,59.900000000000006,14.97,6.871052631578947,-0.0,0.22836809262049093,64.0,16.0,161.96942072419944
J.Timber,Arsenal,DEF,65,28.259999999999998,4.59,63.09239766081871,-2.150877192982456,2.743052349620788,56.0,9.0,161.53457281745705
João Pedro,Chelsea,FWD,75,59.64,5.88,0.0,-0.0,0.19127651302914422,65.0,30.0,160.71127651302913
Watkins,Aston Villa,FWD,80,61.6,3.54,0.0,-0.0,0.004306174020778449,69.0,26.0,160.14430617402078
Thiaw,Newcastle,DEF,50,28.799999999999997,2.88,31.18947368421053,-7.797368421052632,26.034136905445042,67.0,12.0,160.10624216860293
Lacroix,Crystal Palace,DEF,60,14.700000000000001,2.4899999999999998,25.257309941520468,-6.314327485380117,43.65206138975916,69.0,11.0,159.7850438458995
Gibbs-White,Nott'm Forest,MID,80,54.050000000000004,8.73,5.440350877192982,-0.0,0.4799441262538671,72.0,18.0,158.70029500344685
Tavernier,Bournemouth,MID,60,45.300000000000004,13.799999999999999,8.787134502923976,-0.0,8.031314949779809,65.0,14.0,154.91844945270378
O'Reilly,Man City,DEF,65,36.72,8.01,37.09473684210526,-3.864035087719298,4.371557203032323,62.0,10.0,154.33225895741828
Saliba,Arsenal,DEF,60,5.28,3.63,67.26081871345029,-2.2929824561403507,7.865318917201319,59.0,12.0,152.74315517451126
E.Le Fée,Sunderland,MID,60,26.099999999999998,17.85,4.283625730994152,-0.0,18.268047425205136,69.0,16.0,151.50167315619927
Scott,Bournemouth,MID,60,19.0,8.82,9.160233918128656,-0.0,35.495854100313124,70.0,9.0,151.47608801844177
Calvert-Lewin,Leeds,FWD,60,62.28,3.18,0.0,-0.0,0.01631540151996755,65.0,20.0,150.47631540151997
Collins,Brentford,DEF,55,13.440000000000001,5.13,31.273684210526316,-6.949707602339181,32.966064243049885,67.0,7.0,149.86004085123702
Saka,Arsenal,MID,95,37.85,21.48,14.267836257309941,-0.0,3.808950700825257,54.0,18.0,149.4067869581352
Ampadu,Leeds,MID,55,12.350000000000001,6.6000000000000005,10.031871345029241,-0.0,37.34778028704101,70.0,11.0,147.32965163207024
Rogers,Chelsea,MID,75,34.2,12.96,5.754385964912281,-0.0,3.3037897940080856,74.0,17.0,147.21817575892038
Schade,Brentford,MID,60,60.4,6.1499999999999995,7.221052631578948,-0.0,1.5754159782444281,65.0,5.0,145.34646860982338
Wilson,Leeds,MID,65,29.4,14.309999999999999,8.600584795321637,-0.0,1.612954412210325,66.0,21.0,140.92353920753197
Gakpo,Liverpool,MID,70,41.75,14.01,11.999999999999998,-0.0,0.3315479883109688,67.0,5.0,140.09154798831096
Struijk,Brighton,DEF,50,18.36,2.2800000000000002,30.894736842105267,-6.007309941520468,24.10438865500506,66.0,4.0,139.63181555558987
Bruno G.,Newcastle,MID,70,27.95,14.879999999999999,6.463157894736842,-0.0,11.821612501106397,56.0,22.0,139.11477039584324
Wirtz,Liverpool,MID,75,34.15,15.419999999999998,10.412280701754387,-0.0,2.105078547632016,60.0,17.0,139.0873592493864
Richards,Crystal Palace,DEF,50,14.52,4.68,23.128654970760234,-5.7821637426900585,33.30386618449001,64.0,5.0,138.8503574125602
Ndiaye,Everton,MID,60,33.4,13.23,5.692105263157894,-0.0,13.141279191250756,64.0,7.0,136.46338445440864
Van den Berg,Brentford,DEF,50,20.16,4.35,29.063157894736843,-6.458479532163743,24.23476007038465,62.0,3.0,136.34943843295775
N.Williams,Nott'm Forest,DEF,50,12.059999999999999,11.91,22.47719298245614,-8.428947368421053,11.638208287928837,71.0,15.0,135.6564539019639
Fernandes,Spurs,MID,60,9.95,8.879999999999999,8.821637426900587,-0.0,30.47900061573627,70.0,7.0,135.13063804263686
Keane,Everton,DEF,50,13.799999999999999,1.47,21.188304093567254,-6.810526315789474,34.687267404100865,62.0,8.0,134.33504518187863
Zubimendi,Arsenal,MID,55,14.2,6.8100000000000005,19.240350877192984,-0.0,14.665492855333309,70.0,9.0,133.9158437325263
Welbeck,Brighton,FWD,60,49.44,4.199999999999999,0.0,-0.0,0.11637239672795396,62.0,18.0,133.75637239672795
O.Dango,Brentford,MID,65,39.7,12.36,5.976315789473685,-0.0,3.521103433806544,56.0,16.0,133.55741922328025
Rodon,Leeds,DEF,45,8.399999999999999,1.6800000000000002,37.978947368421046,-8.63157894736842,21.524095466497183,67.0,5.0,132.9514638875498
Van de Ven,Spurs,DEF,50,16.919999999999998,1.1400000000000001,35.567251461988306,-6.224269005847954,7.034495876608218,68.0,10.0,132.43747833274858
Kayode,Brentford,DEF,45,7.68,8.67,34.294736842105266,-7.621052631578948,6.326997796804681,74.0,9.0,132.350682007331
Cunha,Man Utd,MID,80,34.5,10.08,6.560526315789473,-0.0,4.780783111444961,61.0,14.0,130.92130942723443
Matheus N.,Man City,DEF,60,2.04,6.6899999999999995,40.15438596491228,-4.182748538011696,5.942825178236916,64.0,16.0,130.6444626051375
Andersen,Fulham,DEF,50,8.58,5.49,13.483040935672516,-5.898830409356726,36.88074651537514,64.0,8.0,130.53495704169092
Pedro Porro,Spurs,DEF,55,6.300000000000001,13.11,32.66666666666667,-5.716666666666668,10.6765864502605,65.0,8.0,130.0365864502605
Mateta,Crystal Palace,FWD,65,57.68,3.96,0.0,-0.0,0.30647871655020476,55.0,13.0,129.9464787165502
F.Kadıoğlu,Brighton,DEF,45,12.36,9.93,32.94736842105263,-6.406432748538012,1.9442010286828588,72.0,7.0,129.77513670119748
Gyökeres,Arsenal,FWD,75,49.04,5.82,0.0,-0.0,0.012551796247382977,58.0,16.0,128.8725517962474
Mitchell,Crystal Palace,DEF,45,9.540000000000001,7.59,26.632748538011697,-6.658187134502924,10.681271559670007,73.0,8.0,128.7858329631788
Gravenberch,Liverpool,MID,60,9.45,6.779999999999999,13.11842105263158,-0.0,12.880720373276382,69.0,17.0,128.22914142590795
Dewsbury-Hall,Everton,MID,65,21.75,16.02,5.380994152046783,-0.0,6.018896510346787,60.0,18.0,127.16989066239356
Wharton,Crystal Palace,MID,55,7.6,22.41,5.223391812865496,-0.0,21.73589257141291,62.0,8.0,126.96928438427841
Kroupi.Jr,Bournemouth,MID,75,41.550000000000004,4.53,5.348830409356725,-0.0,0.7948927717274027,61.0,13.0,126.22372318108413
Shaw,Man Utd,DEF,45,4.32,5.9399999999999995,33.89473684210526,-3.7660818713450293,7.373859984723936,75.0,3.0,125.76251495548416
Mukiele,Sunderland,DEF,55,9.72,7.949999999999999,16.280701754385966,-6.512280701754386,24.103526201245753,63.0,11.0,125.54194725387734
Alderete,Sunderland,DEF,50,9.72,2.73,16.356725146198833,-6.542690058479533,33.997896635146,64.0,5.0,125.2619317228653
Caicedo,Chelsea,MID,55,7.25,7.14,4.905263157894737,-0.0,31.884046687997472,64.0,10.0,125.1793098458922
Xhaka,Sunderland,MID,55,5.05,11.19,4.241228070175438,-0.0,28.896608946894908,66.0,8.0,123.37783701707035
Milenković,Nott'm Forest,DEF,55,4.9799999999999995,2.04,23.684210526315788,-8.881578947368421,24.027987503033575,75.0,2.0,122.85061908198094
Palmer,Chelsea,MID,95,52.75,7.470000000000001,3.428070175438597,-0.0,1.1057340002895897,47.0,11.0,122.75380417572819
Sarr,Crystal Palace,MID,65,54.65,3.51,4.447660818713451,-0.0,0.6614088039289345,50.0,9.0,122.26906962264238
Foden,Man City,MID,70,30.150000000000002,14.28,7.291228070175439,-0.0,2.3199410902413735,55.0,13.0,122.04116916041681
Stach,Leeds,MID,60,14.399999999999999,13.41,7.6195906432748535,-0.0,16.598136666903407,56.0,14.0,122.02772731017825
Neto,Chelsea,MID,65,22.95,20.52,4.612280701754386,-0.0,0.076632627498641,64.0,9.0,121.15891332925302
Cherki,Man City,MID,75,21.400000000000002,26.61,6.217543859649123,-0.0,1.8561722282842934,49.0,16.0,121.08371608793342
Gomez,Brighton,MID,50,31.200000000000003,5.16,5.571052631578947,-0.0,14.900450263787027,55.0,9.0,120.83150289536599
Dalot,Man Utd,DEF,50,11.58,7.709999999999999,27.46315789473684,-3.0514619883040934,5.744614082027512,62.0,9.0,120.44630998846026
Bogle,Leeds,DEF,45,12.48,9.33,35.95906432748538,-8.17251461988304,4.1421182119973405,65.0,1.0,119.73866791959969
Evanilson,Bournemouth,FWD,60,42.56,4.4399999999999995,0.0,-0.0,0.12979337815467953,66.0,6.0,119.12979337815469
Dunk,Brighton,DEF,45,10.98,1.6800000000000002,29.86315789473684,-5.80672514619883,12.878509363347362,64.0,5.0,118.59494211188537
Hill,Bournemouth,DEF,55,5.34,3.4799999999999995,27.04327485380117,-5.531578947368421,31.467788560523786,52.0,4.0,117.79948446695654
Calafiori,Arsenal,DEF,55,20.16,2.2800000000000002,43.66549707602339,-1.48859649122807,1.856152820131837,45.0,6.0,117.47305340492717
Aaronson,Leeds,MID,55,22.650000000000002,10.8,7.876900584795322,-0.0,5.850152728344895,65.0,5.0,117.17705331314022
Chalobah,Chelsea,DEF,55,8.64,3.09,19.50877192982456,-7.315789473684211,22.074827095661217,64.0,7.0,116.99780955180157
Ekitiké,Liverpool,FWD,75,40.4,7.3500000000000005,0.0,-0.0,0.0612980029229558,47.0,22.0,116.81129800292295
Mac Allister,Liverpool,MID,55,19.45,5.07,11.640350877192983,-0.0,5.647280432455877,66.0,9.0,116.80763130964885
Muñoz,Crystal Palace,DEF,55,14.700000000000001,11.82,19.649122807017545,-4.912280701754386,11.023542143337426,55.0,9.0,116.28038424860058
Ballard,Sunderland,DEF,50,14.76,1.8900000000000001,12.538011695906432,-5.015204678362573,31.842272574780676,51.0,9.0,116.01507959232454
Hincapie,Arsenal,DEF,55,2.16,5.01,45.981286549707605,-1.5675438596491227,14.361201189257713,43.0,7.0,115.9449438793162
Damsgaard,Brentford,MID,55,13.049999999999999,16.29,5.38421052631579,-0.0,16.969917683762326,55.0,9.0,115.6941282100781
Gudmundsson,Leeds,DEF,45,6.6000000000000005,8.67,33.92631578947369,-7.710526315789474,6.125715114532098,60.0,8.0,115.61150458821632
O'Brien,Everton,DEF,50,10.02,3.0,25.52748538011696,-8.205263157894738,9.525079620942295,73.0,2.0,114.86730184316451
Amad,Man Utd,MID,60,27.3,14.22,6.155263157894736,-0.0,4.489670753472666,55.0,7.0,114.1649339113674
Cash,Aston Villa,DEF,45,6.84,8.82,21.164912280701756,-2.6456140350877195,3.7822939289079676,68.0,7.0,112.961592174522
Yarmoliuk,Brentford,MID,50,6.1,4.17,6.978947368421053,-0.0,28.095118530386337,66.0,1.0,112.34406589880739
Hume,Sunderland,DEF,45,13.620000000000001,6.1499999999999995,17.730994152046783,-7.092397660818714,5.774701195593098,70.0,6.0,112.18329768682116
Barnes,Newcastle,MID,60,34.2,8.16,5.134210526315789,-0.0,0.12690991634018434,55.0,9.0,111.62112044265598
Minteh,Brighton,MID,60,19.05,15.18,6.286842105263158,-0.0,2.759633113261273,59.0,9.0,111.27647521852444
Richarlison,Spurs,FWD,60,34.56,4.38,0.0,-0.0,1.8958820676695662,51.0,17.0,108.83588206766957
Kerkez,Liverpool,DEF,55,9.0,2.07,39.49122807017544,-5.265497076023392,2.337260401624507,57.0,4.0,108.63299139577654
Jensen,Brentford,MID,55,11.05,18.18,5.8921052631578945,-0.0,9.058114179328697,62.0,1.0,107.18021944248659
Justin,Leeds,DEF,45,10.98,3.4799999999999995,24.354385964912282,-5.535087719298247,15.699039453219351,49.0,9.0,106.97833769883339
Tonali,Spurs,MID,55,8.75,8.61,7.409356725146199,-0.0,16.90429314734807,62.0,2.0,105.67364987249427
Eze,Arsenal,MID,65,25.9,7.98,12.125730994152047,-0.0,0.6138590713064446,51.0,8.0,105.61959006545848
Mykolenko,Everton,DEF,45,1.6800000000000002,7.38,24.22573099415205,-7.786842105263159,11.319991499778817,66.0,2.0,104.81888038866771
Beto,Everton,FWD,55,35.6,0.6900000000000001,0.0,-0.0,0.2394759606236677,53.0,15.0,104.52947596062367
Burn,Newcastle,DEF,50,6.48,1.08,23.10526315789474,-5.776315789473685,21.573274056094096,53.0,5.0,104.46222142451515
Yeremy,Crystal Palace,MID,55,22.650000000000002,18.36,4.245029239766081,-0.0,3.009511248861683,53.0,3.0,104.26454048862777
C.Jones,Liverpool,MID,55,11.05,8.31,8.43421052631579,-0.0,18.44882735195517,52.0,6.0,104.24303787827095
Igor Jesus,Nott'm Forest,FWD,60,25.92,3.7800000000000002,0.0,-0.0,0.2126424039307075,61.0,13.0,103.9126424039307
Konsa,Aston Villa,DEF,45,7.62,1.77,21.29824561403509,-2.662280701754386,4.829154615409691,68.0,3.0,103.85511952769039
Botman,Newcastle,DEF,50,10.379999999999999,2.58,19.305263157894736,-4.826315789473684,25.04546230674724,45.0,6.0,103.4844096751683
Bijol,Leeds,DEF,50,5.4,2.25,24.290058479532163,-5.5204678362573105,24.994138860489347,46.0,6.0,103.4137295037642
Romero,Spurs,DEF,50,8.34,3.75,21.859649122807014,-3.8254385964912276,19.78646487573008,43.0,10.0,102.91067540204587
Doku,Man City,MID,75,14.350000000000001,17.580000000000002,6.221052631578947,-0.0,1.2045352162943344,48.0,15.0,102.35558784787328
Gomes,Aston Villa,MID,55,5.75,4.0200000000000005,3.8719298245614038,-0.0,16.359902723753628,66.0,6.0,102.00183254831504
Šeško,Man Utd,FWD,70,36.84,0.8400000000000001,0.0,-0.0,0.011393560377651182,44.0,19.0,100.69139356037766
Barry,Everton,FWD,55,32.68,1.32,0.0,-0.0,0.012467641002717272,57.0,9.0,100.01246764100271
Buendía,Aston Villa,MID,60,16.9,6.6899999999999995,3.075438596491228,-0.0,12.320522418895633,51.0,10.0,99.98596101538686
Iwobi,Fulham,MID,55,9.549999999999999,14.100000000000001,2.8304093567251463,-0.0,2.8489954841454734,57.0,13.0,99.32940484087061
Hall,Newcastle,DEF,50,6.0600000000000005,8.34,22.905263157894733,-5.726315789473683,8.974704195497807,53.0,4.0,97.55365156391886
Berge,Fulham,MID,50,7.7,4.5,3.3964912280701753,-0.0,10.76965347317665,68.0,3.0,97.36614470124682
Woltemade,Newcastle,FWD,60,26.36,4.59,0.0,-0.0,0.22431409149831485,54.0,12.0,97.17431409149832
Wieffer,Brighton,DEF,50,11.52,5.58,20.010526315789473,-3.89093567251462,11.483219199008872,46.0,6.0,96.70280984228373
Bassey,Fulham,DEF,45,10.26,1.0499999999999998,11.845614035087719,-5.182456140350877,11.238023215911307,58.0,9.0,96.21118111064814
Lewis-Potter,Brentford,MID,55,15.049999999999999,7.529999999999999,5.157894736842105,-0.0,4.287567480742124,57.0,5.0,94.02546221758422
Gusto,Chelsea,DEF,50,9.36,8.91,15.824561403508774,-5.93421052631579,1.6479289276897844,57.0,7.0,93.80827980488277
Ayari,Brighton,MID,55,13.5,3.4499999999999997,5.055263157894737,-0.0,15.631062217765638,49.0,7.0,93.63632537566038
Rúben,Man City,DEF,55,3.42,1.9500000000000002,30.021052631578947,-3.12719298245614,8.186026446470137,49.0,4.0,93.44988609559294
Okafor,Leeds,MID,60,26.25,3.96,4.995029239766082,-0.0,1.2254548126551987,46.0,11.0,93.43048405242129
McGinn,Aston Villa,MID,55,15.0,12.330000000000002,3.7473684210526317,-0.0,1.3440597967913592,55.0,6.0,93.42142821784398
Brooks,Bournemouth,MID,50,29.049999999999997,10.2,3.8210526315789473,-0.0,1.5580184446327467,43.0,4.0,91.62907107621169
Bentancur,Spurs,MID,55,3.5999999999999996,2.52,5.497076023391813,-0.0,28.299490987816334,47.0,4.0,90.91656701120814
Brobbey,Sunderland,FWD,60,24.08,2.0100000000000002,0.0,-0.0,0.01138849247891945,52.0,12.0,90.10138849247892
Sangaré,Nott'm Forest,MID,50,5.8,5.4,3.636842105263158,-0.0,22.620069113364945,50.0,2.0,89.45691121862811
Xavi,Spurs,MID,60,15.3,11.55,5.1081871345029235,-0.0,3.4926738652568705,46.0,7.0,88.4508609997598
Tielemans,Man Utd,MID,60,5.699999999999999,9.78,4.886842105263158,-0.0,20.007538798246745,45.0,3.0,88.3743809035099
Smith Rowe,Fulham,MID,55,23.55,3.3600000000000003,2.232748538011696,-0.0,2.220323417155766,56.0,1.0,88.36307195516746
Murillo,Nott'm Forest,DEF,55,4.38,1.41,14.947368421052634,-5.605263157894737,22.15596713208051,48.0,3.0,88.2880723952384
Joelinton,Newcastle,MID,55,11.799999999999999,4.050000000000001,5.131578947368421,-0.0,18.152188518844987,47.0,2.0,88.13376746621341
Sadiki,Sunderland,MID,50,7.1499999999999995,4.38,4.226608187134502,-0.0,5.962618465841219,66.0,0.0,87.71922665297572
Ajer,Brentford,DEF,45,4.14,2.19,19.0,-4.222222222222222,19.562102257664144,46.0,1.0,87.66988003544192
Yoro,Man Utd,DEF,50,8.040000000000001,1.77,18.210526315789473,-2.023391812865497,11.449506336767,49.0,1.0,87.44664083969099
Reijnders,Man City,MID,60,23.05,7.050000000000001,5.6947368421052635,-0.0,0.42013461037331123,45.0,6.0,87.21487145247858
Spence,Spurs,DEF,45,5.4,5.3100000000000005,23.964912280701753,-4.193859649122807,1.6124359193332354,52.0,3.0,87.09348855091218
James,Chelsea,DEF,55,6.24,9.600000000000001,13.733333333333333,-5.1499999999999995,3.3197866528843885,48.0,11.0,86.74311998621772
Strand Larsen,Crystal Palace,FWD,60,21.2,3.3600000000000003,0.0,-0.0,0.024945829712778225,59.0,3.0,86.58494582971278
Hinshelwood,Brighton,MID,60,24.700000000000003,7.02,4.568421052631578,-0.0,0.699886111486423,47.0,2.0,85.988307164118
Lerma,Crystal Palace,MID,50,9.200000000000001,4.4399999999999995,3.524561403508772,-0.0,18.367854753993694,47.0,3.0,85.53241615750247
Dorgu,Man Utd,MID,60,11.950000000000001,5.5200000000000005,3.789473684210526,-0.0,13.22472163649946,40.0,11.0,85.48419532070999
De Cuyper,Brighton,DEF,45,9.959999999999999,12.24,14.778947368421052,-2.873684210526316,0.29885432170630927,42.0,9.0,85.40411747960104
Fofana,Chelsea,DEF,50,4.32,1.7999999999999998,12.056140350877193,-4.521052631578947,24.29837569516825,43.0,3.0,83.9534634144665
Danso,Spurs,DEF,50,3.7199999999999998,0.8400000000000001,17.41520467836257,-3.0476608187134504,23.87061745212888,39.0,1.0,82.798161311778
J.Murphy,Newcastle,MID,60,15.35,7.98,4.226315789473684,-0.0,0.20777532687469358,50.0,5.0,82.76409111634837
Digne,Aston Villa,DEF,45,4.0200000000000005,9.84,12.926315789473684,-1.6157894736842104,2.2465446679925196,50.0,5.0,82.417070983782
Sessegnon,Fulham,DEF,45,9.600000000000001,5.4,8.495906432748537,-3.716959064327485,7.410003741380607,47.0,8.0,82.18895110980166
Maguire,Man Utd,DEF,50,6.720000000000001,1.5,17.357894736842105,-1.928654970760234,11.496751746081436,42.0,5.0,82.1459915121633
Kamada,Crystal Palace,MID,50,8.2,9.72,3.8868421052631583,-0.0,12.118708593076093,48.0,0.0,81.92555069833925
Canvot,Crystal Palace,DEF,50,8.879999999999999,0.99,10.897076023391813,-2.7242690058479533,20.823627539684214,34.0,9.0,81.86643455722808
Nmecha,Leeds,FWD,55,29.0,4.74,0.0,-0.0,0.09706764114072124,40.0,8.0,81.83706764114072
Hudson-Odoi,Nott'm Forest,MID,60,13.85,9.06,3.2245614035087717,-0.0,0.29455174916920396,47.0,8.0,81.42911315267798
Rodrigo,Man City,MID,65,5.75,7.3500000000000005,5.298245614035087,-0.0,19.120537992431853,37.0,6.0,80.51878360646694
Onana,Aston Villa,MID,50,8.4,2.07,3.078947368421053,-0.0,17.482141463843718,45.0,4.0,80.03108883226477
Maatsen,Aston Villa,DEF,45,7.5600000000000005,7.17,11.157894736842106,-1.3947368421052633,6.8978371323688075,47.0,1.0,79.39099502710565
Adams,Bournemouth,MID,50,3.15,1.8900000000000001,5.689766081871345,-0.0,20.27391713433059,45.0,3.0,79.00368321620194
Castagne,Fulham,DEF,45,9.0,4.41,8.598830409356724,-3.761988304093567,7.553650175313754,49.0,3.0,77.80049228057692
Mitoma,Brighton,MID,60,20.2,8.22,4.510526315789473,-0.0,0.4867746745976906,42.0,2.0,77.41730099038716
Grealish,Man City,MID,65,10.25,10.11,5.708771929824562,-0.0,1.3295769448232633,38.0,12.0,77.39834887464782
Henderson,Brentford,MID,50,1.6500000000000001,6.93,5.028947368421053,-0.0,6.863577374330592,51.0,5.0,76.47252474275165
Janelt,Brentford,MID,50,4.1,6.8100000000000005,3.773684210526316,-0.0,15.247318077008213,40.0,6.0,75.93100228753453
Tel,Spurs,MID,60,12.350000000000001,7.290000000000001,3.9005847953216377,-0.0,2.3296088648201594,43.0,7.0,75.8701936601418
Lukić,Fulham,MID,50,11.15,5.7299999999999995,2.023391812865497,-0.0,9.617712320669002,43.0,4.0,75.5211041335345
Hutchinson,Nott'm Forest,MID,55,10.049999999999999,11.61,2.9403508771929827,-0.0,1.8670486995083262,46.0,3.0,75.46739957670131
Gvardiol,Man City,DEF,55,13.5,2.0999999999999996,19.228070175438596,-2.002923976608187,4.464055730459488,32.0,5.0,74.2892019292899
Groß,Brighton,MID,55,6.949999999999999,11.850000000000001,4.305263157894737,-0.0,4.008364278150468,37.0,10.0,74.1136274360452
Georginio,Brighton,FWD,55,11.6,8.7,0.0,-0.0,1.526052842266076,50.0,2.0,73.82605284226608
Baleba,Brighton,MID,50,3.9000000000000004,2.16,4.3315789473684205,-0.0,17.252024594072548,46.0,0.0,73.64360354144097
N.Gonzalez,Man City,MID,55,3.4000000000000004,3.3600000000000003,5.47719298245614,-0.0,18.18620633043586,42.0,1.0,73.423399312892
Tete,Fulham,DEF,45,5.5200000000000005,4.38,8.378947368421052,-3.6657894736842103,12.741298982233667,41.0,5.0,73.35445687697052
Anthony,Brentford,MID,60,0.0,0.0,0.0,-0.0,0.0,67.0,6.0,73.0
Johnson,Crystal Palace,MID,60,12.25,3.93,3.5,-0.0,1.1300269178943683,50.0,2.0,72.81002691789436
P.M.Sarr,Spurs,MID,50,8.149999999999999,3.33,4.058479532163743,-0.0,16.131470683952305,39.0,2.0,72.66995021611605
Adli,Bournemouth,MID,50,13.0,4.86,3.454385964912281,-0.0,8.082502896642314,39.0,4.0,72.3968888615546
Khusanov,Man City,DEF,55,3.9000000000000004,3.63,20.028070175438597,-2.0862573099415203,8.047761481017744,35.0,3.0,71.51957434651482
Reinildo,Sunderland,DEF,45,0.78,1.8599999999999999,11.497076023391813,-4.598830409356725,9.806678842938457,46.0,6.0,71.34492445697354
Robinson,Fulham,DEF,45,6.42,4.74,6.95672514619883,-3.0435672514619885,10.325143017881839,38.0,7.0,70.39830091261868
Martinelli,Arsenal,MID,65,20.6,3.81,6.850877192982456,-0.0,0.807322837072406,35.0,3.0,70.06820003005487
Iroegbunam,Everton,MID,50,2.7,2.13,3.0230994152046784,-0.0,15.825551992938898,45.0,1.0,69.67865140814358
Merino,Arsenal,MID,60,16.8,4.35,6.587134502923977,-0.0,6.7237224387894665,30.0,5.0,69.46085694171344
Tanaka,Leeds,MID,50,7.199999999999999,4.17,4.203801169590643,-0.0,9.213738420516089,40.0,4.0,68.78753959010673
Madueke,Arsenal,MID,65,6.15,8.58,7.751461988304094,-0.0,0.20373224386009964,37.0,9.0,68.68519423216419
Mainoo,Man Utd,MID,55,2.4,3.81,4.35,-0.0,11.903128217918947,44.0,2.0,68.46312821791895
Isidor,Sunderland,FWD,55,18.8,1.1400000000000001,0.0,-0.0,0.023263107777506016,41.0,7.0,67.96326310777751
L.Miley,Newcastle,MID,55,6.800000000000001,6.300000000000001,3.9289473684210527,-0.0,7.682030342042136,38.0,5.0,67.7109777104632
Kudus,Spurs,MID,65,9.6,7.23,4.488304093567252,-0.0,3.3394620033026223,36.0,7.0,67.65776609686986
Garnacho,Aston Villa,MID,60,17.2,11.040000000000001,2.212280701754386,-0.0,0.09409536700530376,34.0,3.0,67.5463760687597
Ødegaard,Arsenal,MID,65,6.25,10.95,8.767836257309941,-0.0,1.2804806955915715,35.0,5.0,67.24831695290152
Talbi,Sunderland,MID,55,10.649999999999999,3.54,2.27046783625731,-0.0,0.3030582623523483,44.0,6.0,66.76352609860966
King,Fulham,MID,55,12.350000000000001,1.98,1.5087719298245614,-0.0,2.2135395530263287,45.0,3.0,66.0523114828509
Andrey Santos,Man Utd,MID,50,10.0,2.64,3.281578947368421,-0.0,8.770467318977593,38.0,3.0,65.69204626634601
J.Ramsey,Newcastle,MID,50,6.0,4.35,3.7921052631578953,-0.0,7.289900736707009,41.0,3.0,65.43200599986491
Morato,Nott'm Forest,DEF,50,7.92,0.44999999999999996,9.403508771929825,-3.5263157894736845,14.900103478514565,35.0,1.0,65.14729646097071
Gray,Spurs,MID,50,7.5,3.87,4.301169590643275,-0.0,3.8409039069400985,39.0,6.0,64.51207349758337
Mosquera,Arsenal,DEF,55,0.6000000000000001,1.8900000000000001,25.370760233918126,-0.8649122807017544,8.093631947292076,28.0,1.0,64.08947990050845
Osula,Newcastle,FWD,60,17.12,1.8599999999999999,0.0,-0.0,0.004739412867952184,32.0,13.0,63.98473941286795
Hughes,Crystal Palace,MID,45,5.550000000000001,5.82,3.1929824561403506,-0.0,5.360757272646905,44.0,0.0,63.923739728787254
Pau,Aston Villa,DEF,45,7.98,1.17,11.740350877192983,-1.4675438596491228,3.18476094142486,39.0,2.0,63.607567958968716
De Ligt,Man Utd,DEF,50,8.28,2.4899999999999998,12.31578947368421,-1.368421052631579,8.122137175441752,26.0,5.0,60.839505596494384
Dominguez,Nott'm Forest,MID,50,7.35,2.31,2.049122807017544,-0.0,10.978727202820714,35.0,3.0,60.68785000983826
Aina,Nott'm Forest,DEF,45,2.46,2.52,11.136842105263158,-4.176315789473684,7.377112701286296,36.0,5.0,60.31763901707578
Elanga,Newcastle,MID,60,8.25,5.22,3.4263157894736844,-0.0,0.017195710684434797,43.0,0.0,59.913511500158116
Robertson,Spurs,DEF,45,6.6000000000000005,4.199999999999999,13.625730994152047,-2.3845029239766085,0.8659821928060535,33.0,4.0,59.90721026298149
Aït-Nouri,Man City,DEF,55,3.18,6.029999999999999,13.628070175438598,-1.419590643274854,2.139332320499701,27.0,9.0,59.55781185266344
Christie,Bournemouth,MID,50,9.05,2.37,3.1456140350877195,-0.0,9.970367171414114,33.0,2.0,59.53598120650184
Diarra,Sunderland,MID,55,16.35,2.55,2.0511695906432745,-0.0,0.188135725682414,35.0,3.0,59.13930531632569
Longstaff,Leeds,MID,50,6.15,5.61,3.2260233918128653,-0.0,6.432171973334967,32.0,5.0,58.41819536514784
Mings,Aston Villa,DEF,45,7.800000000000001,1.26,9.277192982456139,-1.1596491228070174,5.860142104101723,31.0,4.0,58.037685963750846
Delap,Chelsea,FWD,55,18.16,0.6900000000000001,0.0,-0.0,0.006358648049439915,38.0,1.0,57.85635864804944
Kamara,Aston Villa,MID,50,2.6500000000000004,2.52,2.473684210526316,-0.0,7.806575754064201,34.0,7.0,56.450259964590515
Mount,Man Utd,MID,55,7.800000000000001,4.86,2.657894736842105,-0.0,4.617306257130554,33.0,3.0,55.93520099397266
Estêvão,Chelsea,MID,65,14.55,6.42,1.4719298245614036,-0.0,0.3776163200024566,29.0,4.0,55.81954614456386
Diakité,Bournemouth,DEF,50,0.12,0.5700000000000001,16.403508771929825,-3.3552631578947367,8.952317228703867,31.0,2.0,55.690562842738956
Odobert,Spurs,MID,55,9.6,3.63,2.8421052631578947,-0.0,1.2835501439492794,32.0,6.0,55.35565540710718
Frimpong,Liverpool,DEF,55,3.0,4.65,18.105263157894736,-2.414035087719298,0.0090382426939757,31.0,1.0,55.350266312869415
Mazraoui,Man Utd,DEF,45,1.1400000000000001,1.0499999999999998,10.28421052631579,-1.1426900584795323,7.984967648643782,30.0,6.0,55.316488116480045
Schär,Newcastle,DEF,50,5.82,1.7999999999999998,11.463157894736842,-2.8657894736842104,11.584809098557477,27.0,0.0,54.80217751961011
Rayan,Bournemouth,MID,65,13.35,5.5200000000000005,3.5701754385964914,-0.0,0.9628599495894617,28.0,3.0,54.403035388185955
McNeil,Everton,MID,55,6.8500000000000005,5.7299999999999995,2.376315789473684,-0.0,4.138345417304391,34.0,1.0,54.09466120677808
Martinez,Man Utd,DEF,50,0.8999999999999999,1.7999999999999998,12.936842105263157,-1.4374269005847953,6.708587643038273,30.0,3.0,53.90800284771663
Henry,Brentford,DEF,45,1.08,1.62,13.915789473684208,-3.092397660818713,0.5960001361575017,38.0,0.0,52.119391949023
Gruev,Leeds,MID,50,2.45,2.58,4.239181286549708,-0.0,2.841027987843969,37.0,3.0,52.110209274393675
Kluivert,Bournemouth,MID,60,11.55,4.65,3.0394736842105265,-0.0,0.5194086566193977,29.0,3.0,51.75888234082993
Savinho,Man City,MID,65,12.5,4.7700000000000005,2.8666666666666663,-0.0,0.6147360806489792,30.0,1.0,51.751402747315645
Ndoye,Nott'm Forest,MID,55,5.25,4.53,2.0473684210526315,-0.0,1.911974685144729,34.0,4.0,51.73934310619736
Ugarte,Man Utd,MID,50,3.5999999999999996,0.48,2.3052631578947365,-0.0,15.310519725772409,30.0,0.0,51.69578288366715
Udogie,Spurs,DEF,45,1.08,2.16,15.614035087719298,-2.732456140350877,0.5674738200539157,33.0,1.0,50.68905276742234
Smith,Bournemouth,DEF,45,0.0,0.6900000000000001,13.8046783625731,-2.823684210526316,1.7968013597384425,33.0,4.0,50.467795511785226
Gallagher,Spurs,MID,55,6.15,2.0999999999999996,3.45906432748538,-0.0,6.334841011928494,29.0,3.0,50.04390533941387
Heaven,Man Utd,DEF,45,2.04,0.54,9.68421052631579,-1.0760233918128654,8.698674066750975,27.0,3.0,49.8868612012539
Bogarde,Aston Villa,MID,50,0.0,0.6000000000000001,1.8280701754385964,-0.0,4.331319233101492,38.0,4.0,48.75938940854009
Bobb,Fulham,MID,55,7.35,6.300000000000001,1.2046783625730995,-0.0,0.8869178582913494,33.0,0.0,48.74159622086445
Livramento,Newcastle,DEF,50,0.78,2.67,13.957894736842105,-3.4894736842105263,0.5870656121488369,31.0,3.0,48.50548666478042
Barkley,Aston Villa,MID,50,7.9,3.7800000000000002,1.480701754385965,-0.0,1.9546327851683285,28.0,5.0,48.1153345395543
Hato,Chelsea,DEF,45,1.7999999999999998,1.83,7.99298245614035,-2.9973684210526312,6.622123665922703,32.0,0.0,47.24773770101042
Wood,Nott'm Forest,FWD,60,17.16,0.96,0.0,-0.0,0.0010801143434340096,25.0,4.0,47.121080114343435
Wilson,Brentford,FWD,55,0.0,0.0,0.0,-0.0,0.0,40.0,7.0,47.0
Willock,Newcastle,MID,50,6.3,3.21,2.557894736842105,-0.0,2.809757659172094,32.0,0.0,46.8776523960142
Muniz,Fulham,FWD,55,13.2,0.44999999999999996,0.0,-0.0,0.07963072346881266,30.0,3.0,46.72963072346881
White,Arsenal,DEF,55,2.7,2.07,17.9859649122807,-0.6131578947368421,2.362898601677752,19.0,3.0,46.505705619221615
Zirkzee,Man Utd,FWD,55,10.96,1.02,0.0,-0.0,0.46770584235645857,28.0,6.0,46.447705842356456
Cook,Bournemouth,MID,50,0.35000000000000003,1.56,2.8046783625730995,-0.0,15.478362858266859,26.0,0.0,46.19304122083996
Bradley,Liverpool,DEF,50,1.08,2.52,16.280701754385966,-2.170760233918129,2.194776160486217,24.0,2.0,45.90471768095405
Kevin,Fulham,MID,55,6.05,4.41,1.2046783625730995,-0.0,1.8333187309559165,32.0,0.0,45.497997093529015
Devenny,Crystal Palace,MID,50,11.899999999999999,1.17,1.6067251461988303,-0.0,2.2884944796721647,28.0,0.0,44.96521962587099
J.Cuenca,Fulham,DEF,45,0.30000000000000004,1.59,4.374269005847953,-1.9137426900584795,14.279251103139044,25.0,1.0,44.62977741892852
Marmoush,Man City,FWD,70,11.12,2.31,0.0,-0.0,0.09430082227765559,26.0,5.0,44.52430082227765
Bergvall,Spurs,MID,55,6.15,1.29,2.7923976608187133,-0.0,1.614277467754002,32.0,0.0,43.84667512857271
Ngumoha,Liverpool,MID,60,6.7,6.029999999999999,2.3991228070175437,-0.0,0.06011653838358059,24.0,4.0,43.18923934540113
Gomez,Liverpool,DEF,50,1.6800000000000002,1.92,10.421052631578947,-1.3894736842105262,2.197067982746317,26.0,2.0,42.828646930114736
Solanke,Spurs,FWD,60,11.88,1.02,0.0,-0.0,0.6863983300726292,25.0,4.0,42.586398330072626
Cairney,Fulham,MID,50,6.05,2.43,0.8842105263157896,-0.0,1.1101109486687815,31.0,1.0,42.47432147498457
Tosin,Chelsea,DEF,45,0.66,1.2000000000000002,5.52982456140351,-2.073684210526316,11.69683971448168,23.0,2.0,42.012980065358875
Guessand,Aston Villa,MID,55,7.800000000000001,2.55,1.594736842105263,-0.0,1.0735115478955897,28.0,0.0,41.018248390000856
Awoniyi,Nott'm Forest,FWD,55,14.72,2.31,0.0,-0.0,0.04797263893542454,19.0,4.0,40.07797263893542
Boscagli,Brighton,DEF,45,0.30000000000000004,1.41,8.410526315789475,-1.6353801169590645,6.82555387328381,20.0,4.0,39.31070007211422
Alcaraz,Everton,MID,50,5.85,1.62,1.389766081871345,-0.0,3.3919993915930715,27.0,0.0,39.25176547346442
Kostoulas,Brighton,FWD,55,8.48,1.62,0.0,-0.0,2.8297455298106087,23.0,3.0,38.92974552981061
Hickey,Brentford,DEF,45,2.64,0.51,7.147368421052631,-1.5883040935672514,2.20325646445644,28.0,0.0,38.91232079194182
Savona,Nott'm Forest,DEF,45,8.040000000000001,1.35,7.192982456140351,-2.697368421052632,0.7290097919471669,24.0,0.0,38.61462382703488
Chiesa,Liverpool,MID,55,7.25,1.83,1.3903508771929824,-0.0,1.076543943252112,27.0,0.0,38.5468948204451
Acheampong,Chelsea,DEF,45,3.7199999999999998,0.39,4.610526315789473,-1.7289473684210526,1.2530146384012009,24.0,5.0,37.24459358576962
Wissa,Newcastle,FWD,60,12.52,1.62,0.0,-0.0,0.0072704024952772225,23.0,0.0,37.14727040249528
Isak,Liverpool,FWD,90,10.36,0.24,0.0,-0.0,0.011160930712567178,22.0,4.0,36.611160930712565
Lindelöf,Aston Villa,DEF,45,1.6800000000000002,0.30000000000000004,6.610526315789475,-0.8263157894736843,0.7949909671742548,27.0,0.0,35.55920149349005
Havertz,Arsenal,FWD,75,13.24,1.92,0.0,-0.0,0.06900970895557708,17.0,3.0,35.22900970895557
Rigg,Sunderland,MID,50,4.3,2.79,1.108187134502924,-0.0,0.7335214859812711,25.0,1.0,34.931708620484194
Gnonto,Leeds,MID,50,2.0,2.31,1.6757309941520466,-0.0,3.7656756996993415,25.0,0.0,34.751406693851386
Yates,Nott'm Forest,MID,45,2.45,1.1099999999999999,1.056140350877193,-0.0,4.543457599253276,25.0,0.0,34.15959795013047
Enes Ünal,Bournemouth,FWD,55,8.0,0.21000000000000002,0.0,-0.0,1.2682805816884677,23.0,1.0,33.478280581688466
Röhl,Everton,MID,50,3.35,1.0499999999999998,1.381578947368421,-0.0,3.0526067220730773,22.0,2.0,32.834185669441496
Lewis-Skelly,Arsenal,MID,55,0.5,0.6000000000000001,4.483625730994152,-0.0,0.8996828744627156,25.0,0.0,31.48330860545687
James,Leeds,MID,50,4.55,2.13,1.7593567251461988,-0.0,0.18453652911330506,22.0,0.0,30.623893254259507
Branthwaite,Everton,DEF,55,2.04,0.33,5.5508771929824565,-1.7842105263157895,6.005617706426059,17.0,0.0,29.142284373092725
Disasi,Chelsea,DEF,45,0.0,0.0,0.0,-0.0,0.0,28.0,1.0,29.0
Adingra,Sunderland,MID,50,1.75,1.8599999999999999,0.9488304093567251,-0.0,0.37598145851137565,21.0,3.0,28.9348118678681
Lewis,Man City,DEF,45,1.1400000000000001,4.17,5.628070175438596,-0.5862573099415205,0.1091483319729468,15.0,2.0,27.46096119747002
Bornauw,Leeds,DEF,45,1.2000000000000002,0.03,5.519298245614035,-1.2543859649122808,5.496362800129578,16.0,0.0,26.991275080831333
G.Jesus,Arsenal,FWD,60,10.84,0.78,0.0,-0.0,0.30242672792289893,15.0,0.0,26.922426727922897
Nketiah,Crystal Palace,FWD,55,7.08,1.3800000000000001,0.0,-0.0,1.2113579742397271,14.0,3.0,26.671357974239726
Bailey,Aston Villa,MID,55,2.5,4.38,0.7894736842105263,-0.0,2.587589783838049,16.0,0.0,26.257063468048575
Bakwa,Nott'm Forest,MID,55,2.7,3.0300000000000002,0.9631578947368421,-0.0,0.18058290586602513,18.0,1.0,25.873740800602867
Gittens,Chelsea,MID,60,4.050000000000001,2.82,0.8526315789473684,-0.0,0.09996231735457083,18.0,0.0,25.82259389630194
Armstrong,Everton,MID,50,3.95,0.66,1.0725146198830409,-0.0,1.850560159603,18.0,0.0,25.533074779486043
George,Everton,MID,55,3.2,3.57,0.718421052631579,-0.0,0.1394520161844642,17.0,0.0,24.627873068816044
Abraham,Aston Villa,FWD,55,8.2,1.08,0.0,-0.0,0.008632137780698103,13.0,2.0,24.288632137780695
O'Nien,Sunderland,DEF,40,0.8999999999999999,0.39,3.304093567251462,-1.3216374269005848,1.9408635699682875,18.0,1.0,24.213319710319166
Chadi Riad,Crystal Palace,DEF,45,1.98,0.39,4.502923976608187,-1.1257309941520468,2.5447325940767396,15.0,0.0,23.29192557653288
Mundle,Sunderland,MID,50,4.35,1.44,0.5833333333333334,-0.0,0.6737305576392912,15.0,0.0,22.047063890972623
Piroe,Leeds,FWD,50,3.6,0.39,0.0,-0.0,0.03764811023505547,17.0,0.0,21.027648110235056
Dibling,Everton,MID,55,1.0,0.42000000000000004,0.7143274853801169,-0.0,2.6336099587990827,16.0,0.0,20.7679374441792
Jair Cunha,Nott'm Forest,DEF,45,1.62,0.18,3.6070175438596497,-1.3526315789473686,3.5664468244352805,13.0,0.0,20.62083278934756
Milosavljević,Bournemouth,DEF,50,0.8999999999999999,0.5700000000000001,4.7216374269005845,-0.9657894736842104,3.9675457855349445,11.0,0.0,20.19339373875132
McAtee,Nott'm Forest,MID,55,0.8999999999999999,1.1099999999999999,0.5052631578947369,-0.0,1.9406326636601208,15.0,0.0,19.455895821554858
Angulo,Sunderland,MID,50,3.85,0.36,0.5862573099415205,-0.0,0.9068543998767701,13.0,0.0,18.70311170981829
Pinnock,Brentford,DEF,45,0.06,0.18,3.3473684210526313,-0.743859649122807,5.282881700926377,8.0,2.0,18.1263904728562
Marc Guiu,Chelsea,FWD,50,6.16,0.8699999999999999,0.0,-0.0,0.000165417108835121,11.0,0.0,18.030165417108837
Lavia,Chelsea,MID,50,1.05,1.6500000000000001,0.656140350877193,-0.0,1.5604435028418249,13.0,0.0,17.91658385371902
B.Badiashile,Chelsea,DEF,45,0.0,0.18,3.2982456140350873,-1.2368421052631577,4.572626001921516,11.0,0.0,17.814029510693445
O'Riley,Brighton,MID,55,6.05,0.54,0.531578947368421,-0.0,0.009966695585799866,8.0,2.0,17.131545642954222
Nelson,Arsenal,MID,55,3.55,0.33,0.7590643274853801,-0.0,2.1742053582015846,10.0,0.0,16.813269685686965
Uche,Crystal Palace,FWD,50,1.96,0.03,0.0,-0.0,0.2516891674349329,14.0,0.0,16.241689167434934
Harrison,Leeds,MID,50,1.4000000000000001,0.6900000000000001,0.842690058479532,-0.0,0.7589814320771656,12.0,0.0,15.691671490556697
Dowman,Arsenal,MID,55,5.949999999999999,0.8999999999999999,0.9777777777777779,-0.0,0.8282627954468201,7.0,0.0,15.656040573224598
Patterson,Everton,DEF,45,0.18,0.12,1.9485380116959063,-0.6263157894736842,3.8743324949063815,10.0,0.0,15.496554717128603
Netz,Nott'm Forest,DEF,45,0.0,1.23,2.47719298245614,-0.9289473684210526,1.238827972905722,10.0,0.0,14.01707358694081
Tóth.A,Bournemouth,MID,50,0.55,0.99,0.43421052631578944,-0.0,1.3813800832616858,9.0,0.0,12.355590609577476
Endo,Liverpool,MID,50,0.2,0.15000000000000002,0.7456140350877193,-0.0,2.109623348533167,9.0,0.0,12.205237383620887
Reed,Fulham,MID,45,0.65,1.35,0.10409356725146199,-0.0,0.04282656002055233,8.0,2.0,12.146920127272015
Tzimas,Brighton,FWD,55,1.76,0.33,0.0,-0.0,0.9660769479159753,9.0,0.0,12.056076947915976
Carvalho,Brentford,MID,50,3.5,0.09,0.26315789473684215,-0.0,0.13979074201748265,7.0,1.0,11.992948636754324
Gannon-Doak,Bournemouth,MID,50,1.3,0.39,0.33771929824561403,-0.0,1.0214913514358255,8.0,0.0,11.04921064968144
Kalimuendo,Nott'm Forest,FWD,55,1.76,0.06,0.0,-0.0,0.04282656002055233,9.0,0.0,10.862826560020553
Davies,Spurs,DEF,40,2.94,0.21000000000000002,1.590643274853801,-0.2783625730994152,1.3522138451541055,4.0,1.0,10.814494546908492
Kovačić,Man City,MID,55,0.65,1.26,0.43859649122807015,-0.0,1.7854536276604298,6.0,0.0,10.1340501188885
Coppola,Brighton,DEF,45,0.0,0.03,2.031578947368421,-0.39502923976608184,1.429393372463756,7.0,0.0,10.095943080066096
Nørgaard,Arsenal,MID,50,0.4,0.12,0.6497076023391813,-0.0,1.7081912138548832,7.0,0.0,9.877898816194065
Nwaneri,Arsenal,MID,55,1.1500000000000001,0.24,1.0614035087719298,-0.0,0.2110654868224131,7.0,0.0,9.662468995594343
Colwill,Chelsea,DEF,50,0.0,0.36,1.5789473684210527,-0.5921052631578947,2.710351427640738,5.0,0.0,9.057193532903895
Sosa,Crystal Palace,DEF,45,0.24,0.21000000000000002,0.8105263157894738,-0.20263157894736844,0.6735870313142096,7.0,0.0,8.731481768156314
Nyoni,Liverpool,MID,50,1.85,0.06,0.09210526315789473,-0.0,0.46184733910978487,6.0,0.0,8.46395260226768
A.García,Aston Villa,DEF,40,0.0,0.03,0.5824561403508772,-0.07280701754385965,1.184598796433717,6.0,0.0,7.724247919240735
Igor,Brighton,DEF,45,0.0,0.0,1.0842105263157893,-0.21081871345029238,1.5957447719913562,5.0,0.0,7.469136584856853
Kusi-Asare,Fulham,FWD,45,0.0,0.21000000000000002,0.0,-0.0,0.23429232657344576,7.0,0.0,7.4442923265734455
Elliott,Liverpool,MID,55,1.45,0.24,0.48245614035087725,-0.0,0.014159325770068683,5.0,0.0,7.186615466120946
Alleyne,Man City,DEF,50,1.56,0.18,1.894736842105263,-0.19736842105263158,0.6145418524934971,3.0,0.0,7.051910273546129
M.Sarr,Chelsea,DEF,45,2.0999999999999996,0.0,0.7017543859649124,-0.26315789473684215,0.42300026387394746,4.0,0.0,6.9615967551020175
Watson,Brighton,MID,50,0.2,0.09,0.15,-0.0,0.1323355243532482,6.0,0.0,6.572335524353248
Souza,Spurs,DEF,40,0.12,0.09,1.6608187134502925,-0.2906432748538012,0.018390650038116785,4.0,0.0,5.598566088634608
Abbott,Nott'm Forest,DEF,40,0.0,0.03,1.1578947368421053,-0.43421052631578944,0.6557505983604954,4.0,0.0,5.409434808886811
Buonanotte,Brighton,MID,50,0.3,0.8400000000000001,0.2131578947368421,-0.0,0.052465130414194226,4.0,0.0,5.405623025151037
Maddison,Spurs,MID,65,1.05,0.18,0.09941520467836257,-0.0,0.5064281517278232,3.0,0.0,4.835843356406185
Masuaku,Sunderland,DEF,40,0.42000000000000004,0.24,0.7309941520467835,-0.29239766081871343,0.5287503298424352,3.0,0.0,4.627346821070505
Esse,Crystal Palace,MID,50,0.0,0.12,0.08187134502923976,-0.0,0.40048873831348825,4.0,0.0,4.602360083342728
Howell,Brighton,MID,45,0.0,0.09,0.24210526315789474,-0.0,0.09562229131052404,4.0,0.0,4.427727554468419
Seelt,Sunderland,DEF,45,0.0,0.03,0.7777777777777778,-0.3111111111111111,0.881967337312284,3.0,0.0,4.37863400397895
J.Fletcher,Man Utd,MID,50,0.15,0.06,0.2815789473684211,-0.0,0.5281911981266755,3.0,0.0,4.019770145495096
Lacey,Man Utd,MID,50,0.5,0.03,0.10526315789473684,-0.0,0.03808932742274093,3.0,0.0,3.6733524853174777
D.Essugo,Chelsea,MID,45,0.0,0.03,0.045614035087719294,-0.0,0.5776172955873211,3.0,0.0,3.65323133067504
Alysson,Aston Villa,MID,50,0.25,0.15000000000000002,0.0824561403508772,-0.0,0.09288047794979222,3.0,0.0,3.5753366183006694
Soler,Bournemouth,DEF,40,0.0,0.0,0.4374269005847953,-0.0894736842105263,0.0003256975541959337,3.0,0.0,3.348278913928465
Cardines,Crystal Palace,DEF,45,0.12,0.48,0.7368421052631579,-0.18421052631578946,0.002204976260230973,2.0,0.0,3.1548365552075994
Mukasa,Man City,MID,45,0.0,0.63,0.08771929824561404,-0.0,0.00020573441737022544,2.0,0.0,2.7179250326629845
Dasilva,Brentford,MID,50,0.4,0.0,0.005263157894736842,-0.0,0.04444444438037506,2.0,0.0,2.449707602275112
George Hemmings,Aston Villa,MID,45,0.2,0.03,0.04385964912280702,-0.0,0.00020573441737022544,2.0,0.0,2.274065383540177
Fletcher,Man Utd,MID,45,0.0,0.03,0.04473684210526315,-0.0,0.14042225052024693,2.0,0.0,2.2151590926255103
A.Murphy,Newcastle,DEF,40,0.0,0.0,0.0736842105263158,-0.01842105263157895,0.1555555555554954,2.0,0.0,2.2108187134502324
Drakes-Thomas,Crystal Palace,MID,45,0.0,0.0,0.01432748538011696,-0.0,0.15555552873925227,2.0,0.0,2.1698830141193692
Scarlett,Spurs,FWD,45,0.0,0.03,0.0,-0.0,0.09833915812440543,2.0,0.0,2.1283391581244056
Olusesi,Spurs,MID,45,0.0,0.03,0.04093567251461989,-0.0,0.19667831624881085,1.0,0.0,1.2676139887634308
Milambo,Brentford,MID,50,0.0,0.03,0.11842105263157894,-0.0,0.11192400101851852,1.0,0.0,1.2603450536500975
Jocelin.T,Sunderland,MID,50,0.0,0.12,0.05555555555555556,-0.0,0.0491874966409745,1.0,0.0,1.2247430521965301
Neave,Newcastle,FWD,45,0.12,0.0,0.0,-0.0,0.0,1.0,0.0,1.12
Bendito Mantato,Man Utd,MID,45,0.0,0.03,0.039473684210526314,-0.0,0.0,1.0,0.0,1.0694736842105264
Fredricson,Man Utd,DEF,40,0.0,0.0,0.021052631578947368,-0.0023391812865497076,0.044444444444444446,1.0,0.0,1.063157894736842
Burrowes,Aston Villa,MID,45,0.0,0.0,0.028070175438596492,-0.0,0.0045814825532106895,1.0,0.0,1.0326516579918072
Mheuka,Chelsea,FWD,45,0.0,0.0,0.0,-0.0,0.022222222222222223,1.0,0.0,1.0222222222222221
Rowswell,Spurs,DEF,40,0.0,0.0,0.011695906432748537,-0.0020467836257309943,0.0,1.0,0.0,1.0096491228070175
Byfield,Spurs,DEF,40,0.0,0.0,0.011695906432748537,-0.0020467836257309943,0.0,1.0,0.0,1.0096491228070175
Oriola,Brighton,MID,45,0.0,0.0,0.002631578947368421,-0.0,0.0,1.0,0.0,1.0026315789473683
Furo,Brentford,FWD,45,0.0,0.0,0.0,-0.0,0.0,1.0,0.0,1.0
Tzolis,Arsenal,MID,65,0.0,0.0,0.0,-0.0,0.0,0.0,0.0,0.0
Fábio Vieira,Arsenal,MID,55,0.0,0.0,0.0,-0.0,0.0,0.0,0.0,0.0
Kulusevski,Spurs,MID,65,0.0,0.0,0.0,-0.0,0.0,0.0,0.0,0.0
Bindon,Nott'm Forest,DEF,40,0.0,0.0,0.0,-0.0,0.0,0.0,0.0,0.0
Moore,Spurs,MID,50,0.0,0.0,0.0,-0.0,0.0,0.0,0.0,0.0
Schlager,Nott'm Forest,MID,50,0.0,0.0,0.0,-0.0,0.0,0.0,0.0,0.0
Phillips,Spurs,DEF,45,0.0,0.0,0.0,-0.0,0.0,0.0,0.0,0.0
Schuster,Brentford,DEF,45,0.0,0.0,0.0,-0.0,0.0,0.0,0.0,0.0
Ji-soo,Brentford,DEF,45,0.0,0.0,0.0,-0.0,0.0,0.0,0.0,0.0
Rodríguez,Bournemouth,FWD,60,0.0,0.0,0.0,-0.0,0.0,0.0,0.0,0.0
Munoz,Liverpool,MID,65,0.0,0.0,0.0,-0.0,0.0,0.0,0.0,0.0
Muharemović,Leeds,DEF,50,0.0,0.0,0.0,-0.0,0.0,0.0,0.0,0.0
Gelhardt,Leeds,MID,50,0.0,0.0,0.0,-0.0,0.0,0.0,0.0,0.0
Lucky,Liverpool,DEF,40,0.0,0.0,0.0,-0.0,0.0,0.0,0.0,0.0
Tsimikas,Liverpool,DEF,50,0.0,0.0,0.0,-0.0,0.0,0.0,0.0,0.0
Bajcetic,Liverpool,MID,50,0.0,0.0,0.0,-0.0,0.0,0.0,0.0,0.0
Jacquet,Liverpool,DEF,50,0.0,0.0,0.0,-0.0,0.0,0.0,0.0,0.0
Leoni,Liverpool,DEF,40,0.0,0.0,0.0,-0.0,0.0,0.0,0.0,0.0
Mateo Joseph,Leeds,FWD,45,0.0,0.0,0.0,-0.0,0.0,0.0,0.0,0.0
Koumas,Liverpool,MID,50,0.0,0.0,0.0,-0.0,0.0,0.0,0.0,0.0
M.França,Crystal Palace,MID,50,0.0,0.0,0.0,-0.0,0.0,0.0,0.0,0.0
Doucouré,Crystal Palace,MID,50,0.0,0.0,0.0,-0.0,0.0,0.0,0.0,0.0
J.Rak-Sakyi,Crystal Palace,MID,50,0.0,0.0,0.0,-0.0,0.0,0.0,0.0,0.0
Palestra,Chelsea,DEF,55,0.0,0.0,0.0,-0.0,0.0,0.0,0.0,0.0
Vuskovic,Brighton,DEF,50,0.0,0.0,0.0,-0.0,0.0,0.0,0.0,0.0
Monga,Man City,MID,50,0.0,0.0,0.0,-0.0,0.0,0.0,0.0,0.0
Vitor Reis,Man City,DEF,45,0.0,0.0,0.0,-0.0,0.0,0.0,0.0,0.0
Echeverri,Man City,MID,50,0.0,0.0,0.0,-0.0,0.0,0.0,0.0,0.0
Phillips,Man City,MID,50,0.0,0.0,0.0,-0.0,0.0,0.0,0.0,0.0
Amass,Man Utd,DEF,40,0.0,0.0,0.0,-0.0,0.0,0.0,0.0,0.0
Danns,Liverpool,FWD,45,0.0,0.0,0.0,-0.0,0.0,0.0,0.0,0.0
Hackney,Everton,MID,55,0.0,0.0,0.0,-0.0,0.0,0.0,0.0,0.0
Aznou,Everton,DEF,40,0.0,0.0,0.0,-0.0,0.0,0.0,0.0,0.0
Ramsay,Liverpool,DEF,40,0.0,0.0,0.0,-0.0,0.0,0.0,0.0,0.0
McConnell,Liverpool,MID,45,0.0,0.0,0.0,-0.0,0.0,0.0,0.0,0.0
Mingueza,Crystal Palace,DEF,45,0.0,0.0,0.0,-0.0,0.0,0.0,0.0,0.0
N.Jackson,Chelsea,FWD,65,0.0,0.0,0.0,-0.0,0.0,0.0,0.0,0.0
Quenda,Chelsea,MID,55,0.0,0.0,0.0,-0.0,0.0,0.0,0.0,0.0
Collyer,Man Utd,MID,50,0.0,0.0,0.0,-0.0,0.0,0.0,0.0,0.0
Meunier,Sunderland,DEF,45,0.0,0.0,0.0,-0.0,0.0,0.0,0.0,0.0
Hjelde,Sunderland,DEF,40,0.0,0.0,0.0,-0.0,0.0,0.0,0.0,0.0
Steur,Newcastle,MID,50,0.0,0.0,0.0,-0.0,0.0,0.0,0.0,0.0
Touré,Newcastle,MID,60,0.0,0.0,0.0,-0.0,0.0,0.0,0.0,0.0
Obi,Man Utd,FWD,45,0.0,0.0,0.0,-0.0,0.0,0.0,0.0,0.0
Emegha,Chelsea,FWD,50,0.0,0.0,0.0,-0.0,0.0,0.0,0.0,0.0
Rashford,Man Utd,MID,70,0.0,0.0,0.0,-0.0,0.0,0.0,0.0,0.0
Svoboda,Brighton,DEF,50,0.0,0.0,0.0,-0.0,0.0,0.0,0.0,0.0
Nedeljkovic,Aston Villa,DEF,40,0.0,0.0,0.0,-0.0,0.0,0.0,0.0,0.0
Ferguson,Brighton,FWD,50,0.0,0.0,0.0,-0.0,0.0,0.0,0.0,0.0
Yohanna,Brighton,MID,50,0.0,0.0,0.0,-0.0,0.0,0.0,0.0,0.0
Costinha,Brighton,DEF,45,0.0,0.0,0.0,-0.0,0.0,0.0,0.0,0.0
Manzambi,Aston Villa,MID,60,0.0,0.0,0.0,-0.0,0.0,0.0,0.0,0.0
Iling Jr,Aston Villa,MID,50,0.0,0.0,0.0,-0.0,0.0,0.0,0.0,0.0
J.Araujo,Bournemouth,DEF,45,0.0,0.0,0.0,-0.0,0.0,0.0,0.0,0.0
O.Richards,Nott'm Forest,DEF,40,0.0,0.0,0.0,-0.0,0.0,0.0,0.0,0.0
