code,web_name,first_name,second_name,position,team,cost,status,chance_of_playing_next_round,penalties_order,direct_freekicks_order,corners_and_indirect_freekicks_order,xG,xAG,s90,team_name,old_team_name,s90_hist,cbit,recoveries,defcon_multiplier,is_mover,expected_defcon_points,xClean,xPoints
223094,Haaland,Erling,Haaland,FWD,15,155,a,,1.0,,,25.5,2.67,32.81111111111111,Man City,Man City,32.81111111111111,63.0,41.0,1.0,False,0.007775604595057928,11.180431996478585,110.01777560459506
141746,B.Fernandes,Bruno,Borges Fernandes,MID,16,120,a,,1.0,1.0,4.0,10.79,12.28,34.05555555555556,Man Utd,Man Utd,34.05555555555556,120.0,167.0,1.0,False,9.890561200228962,10.119135800339231,109.74931886924642
221466,Senesi,Marcos,Senesi Barón,DEF,19,60,a,,,,,1.53,4.72,36.53333333333333,Spurs,Bournemouth,36.53333333333333,419.0,155.0,0.9340242712081516,True,45.84711961735219,8.799469388318785,103.02648259839566
226597,Gabriel,Gabriel,dos Santos Magalhães,DEF,1,80,a,,,,,2.94,1.75,30.555555555555557,Arsenal,Arsenal,30.555555555555557,277.0,64.0,1.0,False,25.740921525186923,15.890859257734549,99.7418723541577
97032,Virgil,Virgil,van Dijk,DEF,14,65,a,,,,,3.77,1.44,38.0,Liverpool,Liverpool,38.0,352.0,87.0,1.0,False,33.98875917119439,9.206912685583777,97.7564099135295
17761,Tarkowski,James,Tarkowski,DEF,9,60,a,,,,,2.53,2.1,37.0,Everton,Everton,37.0,376.0,90.0,1.0,False,41.60183408281667,7.837359265165153,93.60628595767042
469142,Van Hecke,Jan Paul,van Hecke,DEF,19,50,a,,,,,3.31,1.57,35.666666666666664,Spurs,Brighton,35.666666666666664,317.0,113.0,1.0776095296873598,True,34.82812821295979,8.799469388318785,92.4347325831391
209036,Guéhi,Marc,Guéhi,DEF,15,60,a,,,,,4.05,2.37,35.0,Man City,Man City,35.0,278.0,139.0,1.0,False,19.341800447233876,11.180431996478585,91.94286569741814
448047,Enzo,Enzo,Fernández,MID,6,70,a,,2.0,2.0,7.0,11.26,7.26,34.6,Chelsea,Chelsea,34.6,104.0,140.0,1.0,False,3.8568345803738393,8.232687211215962,89.43291293584943
502500,Thiago,Igor Thiago,Nascimento Rodrigues,FWD,4,80,a,,1.0,,,20.6,1.83,36.46666666666667,Brentford,Brentford,36.46666666666667,121.0,93.0,1.0,False,1.260713076587732,8.020973864032173,89.15071307658773
437499,Lacroix,Maxence,Lacroix,DEF,8,60,a,,,,,2.45,0.83,34.27777777777778,Crystal Palace,Crystal Palace,34.27777777777778,370.0,96.0,1.0,False,43.65206138975916,7.824994251799617,89.07610497666187
465642,Thiaw,Malick,Thiaw,DEF,17,50,a,,,,,4.8,0.96,32.922222222222224,Newcastle,Newcastle,32.922222222222224,292.0,118.0,1.0,False,26.034136905445042,8.410057112543342,86.85916523815372
215379,Anderson,Elliot,Anderson,MID,15,65,a,,,,,2.94,4.79,37.022222222222226,Man City,Nott'm Forest,37.022222222222226,209.0,306.0,0.907171845781046,True,44.95297959679415,11.180431996478585,84.915727962954
472769,O'Reilly,Nico,O'Reilly,DEF,15,65,a,,,,,6.12,2.67,29.366666666666667,Man City,Man City,29.366666666666667,172.0,108.0,1.0,False,4.371557203032323,11.180431996478585,83.66282242723454
446008,Mbeumo,Bryan,Mbeumo,MID,16,80,a,,2.0,2.0,5.0,11.98,4.99,29.011111111111113,Man Utd,Man Utd,29.011111111111113,48.0,91.0,1.0,False,0.22836809262049093,10.119135800339231,82.82382527820111
445122,J.Timber,Jurriën,Timber,DEF,1,65,i,0.0,,,,4.71,1.53,27.244444444444444,Arsenal,Arsenal,27.244444444444444,148.0,97.0,1.0,False,2.743052349620788,15.890859257734549,81.16543468876127
204480,Rice,Declan,Rice,MID,1,75,a,,,1.0,5.0,3.15,7.32,34.36666666666667,Arsenal,Arsenal,34.36666666666667,196.0,180.0,1.0,False,28.432952867556956,15.890859257734549,80.51442295064847
432830,Collins,Nathan,Collins,DEF,4,55,a,,,,,2.24,1.71,33.01111111111111,Brentford,Brentford,33.01111111111111,319.0,139.0,1.0,False,32.966064243049885,8.020973864032173,79.40777576356402
232928,Garner,James,Garner,MID,9,60,i,0.0,3.0,1.0,4.0,2.1,6.18,37.922222222222224,Everton,Everton,37.922222222222224,273.0,185.0,1.0,False,41.50360106089758,7.837359265165153,78.36491894744982
427623,Richards,Chris,Richards,DEF,8,50,a,,,,,2.42,1.56,31.38888888888889,Crystal Palace,Crystal Palace,31.38888888888889,311.0,65.0,1.0,False,33.30386618449001,7.824994251799617,78.35837935564079
437730,Semenyo,Antoine,Semenyo,MID,15,85,a,,3.0,,,11.1,3.12,35.55555555555556,Man City,Man City,35.55555555555556,94.0,142.0,1.0,False,2.7470375498398725,11.180431996478585,78.0682604705216
174874,Andersen,Joachim,Andersen,DEF,10,50,s,0.0,,,,1.43,1.83,32.022222222222226,Fulham,Fulham,32.022222222222226,329.0,114.0,1.0,False,36.88074651537514,7.663996072039134,76.78423970790939
222694,Struijk,Pascal,Struijk,DEF,5,50,a,,,,,3.06,0.76,32.611111111111114,Brighton,Leeds,32.611111111111114,297.0,117.0,0.9522925909554326,True,24.10438865500506,9.236033102101386,76.44936778327121
444765,Van den Berg,Sepp,van den Berg,DEF,4,50,a,,,,,3.36,1.45,30.677777777777777,Brentford,Brentford,30.677777777777777,272.0,109.0,1.0,False,24.23476007038465,8.020973864032173,74.6464078348207
513418,Schade,Kevin,Schade,MID,4,60,a,,2.0,,,12.08,2.05,30.488888888888887,Brentford,Brentford,30.488888888888887,96.0,94.0,1.0,False,1.5754159782444281,8.020973864032173,74.5609575814328
201658,Tavernier,Marcus,Tavernier,MID,3,60,a,,3.0,1.0,6.0,9.06,4.6,30.355555555555554,Bournemouth,Bournemouth,30.355555555555554,101.0,150.0,1.0,False,8.031314949779809,8.530421646629756,73.94567516574253
106611,Keane,Michael,Keane,DEF,9,50,a,,,,,2.3,0.49,28.755555555555556,Everton,Everton,28.755555555555556,302.0,87.0,1.0,False,34.687267404100865,7.837359265165153,73.6801747470803
223340,Saka,Bukayo,Saka,MID,1,95,a,,1.0,2.0,6.0,7.57,7.16,24.644444444444446,Arsenal,Arsenal,24.644444444444446,68.0,116.0,1.0,False,3.808950700825257,15.890859257734549,73.44477696797591
494521,Truffert,Adrien,Truffert,DEF,3,55,a,,,,,1.35,3.07,37.53333333333333,Bournemouth,Bournemouth,37.53333333333333,301.0,188.0,1.0,False,21.45427256393939,8.530421646629756,72.46692089413276
201895,Alderete,Omar,Alderete,DEF,20,50,a,,,,,1.62,0.91,31.07777777777778,Sunderland,Sunderland,31.07777777777778,312.0,103.0,1.0,False,33.997896635146,7.765504479579292,71.85154111395686
503139,Scott,Alex,Scott,MID,3,60,a,,,4.0,7.0,3.8,2.94,31.644444444444446,Bournemouth,Bournemouth,31.644444444444446,193.0,193.0,1.0,False,35.495854100313124,8.530421646629756,70.41955025516738
424876,Szoboszlai,Dominik,Szoboszlai,MID,14,70,a,,2.0,1.0,4.0,4.76,6.83,35.91111111111111,Liverpool,Liverpool,35.91111111111111,152.0,186.0,1.0,False,17.144260076649857,9.206912685583777,70.1350617724998
222531,Gibbs-White,Morgan,Gibbs-White,MID,18,80,a,,2.0,1.0,,10.81,2.91,34.455555555555556,Nott'm Forest,Nott'm Forest,34.455555555555556,68.0,110.0,1.0,False,0.4799441262538671,6.91644527595093,69.53125898026668
484420,E.Le Fée,Enzo,Le Fée,MID,20,60,a,,2.0,2.0,6.0,5.22,5.95,32.55555555555556,Sunderland,Sunderland,32.55555555555556,166.0,153.0,1.0,False,18.268047425205136,7.765504479579292,68.87095038578038
223827,Ballard,Daniel,Ballard,DEF,20,50,a,,,,,2.46,0.63,23.822222222222223,Sunderland,Sunderland,23.822222222222223,264.0,69.0,1.0,False,31.842272574780676,7.765504479579292,67.96506977269647
200834,Mukiele,Nordi,Mukiele,DEF,20,55,a,,,,,1.62,2.65,30.933333333333334,Sunderland,Sunderland,30.933333333333334,273.0,131.0,1.0,False,24.103526201245753,7.765504479579292,67.05909868212149
440993,Ndiaye,Iliman,Ndiaye,MID,9,60,a,,1.0,,,6.68,4.41,30.9,Everton,Everton,30.9,105.0,178.0,1.0,False,13.141279191250756,7.837359265165153,66.14428975160874
244851,Palmer,Cole,Palmer,MID,6,95,a,,1.0,3.0,,10.55,2.49,21.711111111111112,Chelsea,Chelsea,21.711111111111112,52.0,83.0,1.0,False,1.1057340002895897,8.232687211215962,66.02943891570362
475168,João Pedro,João Pedro,Junqueira de Jesus,FWD,6,75,a,,,,,14.91,1.96,29.533333333333335,Chelsea,Chelsea,29.533333333333335,66.0,72.0,1.0,False,0.19127651302914422,8.232687211215962,65.71127651302913
177815,Calvert-Lewin,Dominic,Calvert-Lewin,FWD,13,60,a,,1.0,,,15.57,1.06,30.233333333333334,Leeds,Leeds,30.233333333333334,59.0,46.0,1.0,False,0.01631540151996755,8.629769008873161,65.47631540151997
462424,Saliba,William,Saliba,DEF,1,60,i,0.0,,,,0.88,1.21,29.044444444444444,Arsenal,Arsenal,29.044444444444444,193.0,113.0,1.0,False,7.865318917201319,15.890859257734549,65.35860090517572
178301,Watkins,Ollie,Watkins,FWD,2,80,a,,2.0,,,15.4,1.18,31.477777777777778,Aston Villa,Aston Villa,31.477777777777778,45.0,49.0,1.0,False,0.004306174020778449,8.550649221096654,65.14430617402078
199598,Ampadu,Ethan,Ampadu,MID,13,55,a,,,,,2.47,2.2,34.65555555555556,Leeds,Leeds,34.65555555555556,232.0,184.0,1.0,False,37.34778028704101,8.629769008873161,64.16802869016247
232185,Sarr,Ismaïla,Sarr,MID,8,65,a,,2.0,,,10.93,1.17,24.144444444444446,Crystal Palace,Crystal Palace,24.144444444444446,58.0,79.0,1.0,False,0.6614088039289345,7.824994251799617,63.79325456684138
243298,Gakpo,Cody,Gakpo,MID,14,70,a,,3.0,,5.0,8.35,4.67,30.4,Liverpool,Liverpool,30.4,65.0,87.0,1.0,False,0.3315479883109688,9.206912685583777,63.45707813677799
231747,Mateta,Jean-Philippe,Mateta,FWD,8,65,a,,1.0,,,14.42,1.32,24.555555555555557,Crystal Palace,Crystal Palace,24.555555555555557,68.0,57.0,1.0,False,0.30647871655020476,7.824994251799617,61.9464787165502
215136,N.Williams,Neco,Williams,DEF,18,50,a,,,3.0,5.0,2.01,3.97,35.58888888888889,Nott'm Forest,Nott'm Forest,35.58888888888889,247.0,164.0,1.0,False,11.638208287928837,6.91644527595093,61.518587491286524
214225,Rodon,Joe,Rodon,DEF,13,45,a,,,,,1.4,0.56,32.8,Leeds,Leeds,32.8,274.0,85.0,1.0,False,21.524095466497183,8.629769008873161,61.39950846555399
463981,Hill,James,Hill,DEF,3,55,a,,,,,0.89,1.16,23.355555555555554,Bournemouth,Bournemouth,23.355555555555554,260.0,74.0,1.0,False,31.467788560523786,8.530421646629756,61.259655579489575
533463,O.Dango,Dango,Ouattara,MID,4,65,a,,,,8.0,7.94,4.12,25.233333333333334,Brentford,Brentford,25.233333333333334,100.0,85.0,1.0,False,3.521103433806544,8.020973864032173,60.907311517203354
208706,Bruno G.,Bruno,Guimarães Rodriguez Moura,MID,17,70,a,,3.0,2.0,6.0,5.59,4.96,27.288888888888888,Newcastle,Newcastle,27.288888888888888,117.0,134.0,1.0,False,11.821612501106397,8.410057112543342,60.69111550356442
180736,Chalobah,Trevoh,Chalobah,DEF,6,55,a,,,,,1.44,1.03,30.88888888888889,Chelsea,Chelsea,30.88888888888889,265.0,119.0,1.0,False,22.074827095661217,8.232687211215962,60.57309662452715
247348,Muñoz,Daniel,Muñoz Mejía,DEF,8,55,a,,,,,2.45,3.94,26.666666666666668,Crystal Palace,Crystal Palace,26.666666666666668,196.0,97.0,1.0,False,11.023542143337426,7.824994251799617,59.50843828873987
441164,Pedro Porro,Pedro,Porro Sauceda,DEF,19,55,a,,,1.0,6.0,1.05,4.37,31.033333333333335,Spurs,Spurs,31.033333333333335,218.0,132.0,1.0,False,10.6765864502605,8.799469388318785,58.831519785435205
244850,Rogers,Morgan,Rogers,MID,6,75,a,,,,,6.84,4.32,36.44444444444444,Chelsea,Aston Villa,36.44444444444444,91.0,139.0,1.0794607493325725,True,3.3037897940080856,8.232687211215962,58.359466417630415
227444,Milenković,Nikola,Milenković,DEF,18,55,a,,,,,0.83,0.68,37.5,Nott'm Forest,Nott'm Forest,37.5,311.0,107.0,1.0,False,24.027987503033575,6.91644527595093,58.34974517126092
494595,Wirtz,Florian,Wirtz,MID,14,75,a,,4.0,2.0,6.0,6.83,5.14,26.377777777777776,Liverpool,Liverpool,26.377777777777776,60.0,116.0,1.0,False,2.105078547632016,9.206912685583777,58.06607583288812
231416,F.Kadıoğlu,Ferdi,Kadıoğlu,DEF,5,45,a,,,,7.0,2.06,3.31,34.77777777777778,Brighton,Brighton,34.77777777777778,170.0,130.0,1.0,False,1.9442010286828588,9.236033102101386,58.045643846901974
496221,Wharton,Adam,Wharton,MID,8,55,d,75.0,,,5.0,1.52,7.47,28.355555555555554,Crystal Palace,Crystal Palace,28.355555555555554,140.0,163.0,1.0,False,21.73589257141291,7.824994251799617,57.58489413006572
244723,Mitchell,Tyrick,Mitchell,DEF,8,45,a,,,,,1.59,2.53,36.144444444444446,Crystal Palace,Crystal Palace,36.144444444444446,245.0,187.0,1.0,False,10.681271559670007,7.824994251799617,57.58285787675089
551226,Fernandes,Mateus,Fernandes,MID,19,60,a,,,,,1.99,2.96,33.522222222222226,Spurs,West Ham,33.522222222222226,187.0,182.0,1.0251177795841406,True,30.47900061573627,8.799469388318785,57.07157346502217
514254,Gomez,Diego,Gómez Amarilla,MID,5,50,a,,,5.0,,6.24,1.72,23.522222222222222,Brighton,Brighton,23.522222222222222,126.0,112.0,1.0,False,14.900450263787027,9.236033102101386,56.97760876587727
430871,Cunha,Matheus,Santos Carneiro da Cunha,MID,16,80,a,,,,,6.9,3.36,27.7,Man Utd,Man Utd,27.7,85.0,126.0,1.0,False,4.780783111444961,10.119135800339231,56.7371005237975
491279,Van de Ven,Micky,van de Ven,DEF,19,50,a,,,,,2.82,0.38,33.78888888888889,Spurs,Spurs,33.78888888888889,212.0,121.0,1.0,False,7.034495876608218,8.799469388318785,56.39178992324848
83299,Dunk,Lewis,Dunk,DEF,5,45,a,,,3.0,,1.83,0.56,31.522222222222222,Brighton,Brighton,31.522222222222222,231.0,135.0,1.0,False,12.878509363347362,9.236033102101386,56.18485545768845
220237,Botman,Sven,Botman,DEF,17,50,a,,,,,1.73,0.86,20.377777777777776,Newcastle,Newcastle,20.377777777777776,216.0,89.0,1.0,False,25.04546230674724,8.410057112543342,56.04528072125541
216051,Dalot,Diogo,Dalot Teixeira,DEF,16,50,a,,,,,1.93,2.57,28.988888888888887,Man Utd,Man Utd,28.988888888888887,180.0,135.0,1.0,False,5.744614082027512,10.119135800339231,55.9127723312498
466075,Calafiori,Riccardo,Calafiori,DEF,1,55,a,,,,,3.36,0.76,18.855555555555554,Arsenal,Arsenal,18.855555555555554,102.0,74.0,1.0,False,1.856152820131837,15.890859257734549,55.83625593168217
106760,Shaw,Luke,Shaw,DEF,16,45,a,,,,,0.72,1.98,35.77777777777778,Man Utd,Man Utd,35.77777777777778,224.0,105.0,1.0,False,7.373859984723936,10.119135800339231,55.743353876059984
466052,Cherki,Rayan,Cherki,MID,15,75,a,,,1.0,5.0,4.28,8.87,19.68888888888889,Man City,Man City,19.68888888888889,42.0,93.0,1.0,False,1.8561722282842934,11.180431996478585,55.6590744206118
224117,Gyökeres,Viktor,Gyökeres,FWD,1,75,a,,2.0,,,12.26,1.94,24.633333333333333,Arsenal,Arsenal,24.633333333333333,30.0,55.0,1.0,False,0.012551796247382977,15.890859257734549,54.872551796247386
448104,Hincapie,Piero,Hincapié,DEF,1,55,a,,,,,0.36,1.67,19.855555555555554,Arsenal,Arsenal,19.855555555555554,171.0,63.0,1.0,False,14.361201189257713,15.890859257734549,54.744026327937995
226182,Bogle,Jayden,Bogle,DEF,13,45,a,,,,,2.08,3.11,31.055555555555557,Leeds,Leeds,31.055555555555557,178.0,133.0,1.0,False,4.1421182119973405,8.629769008873161,54.16288356848914
50175,Welbeck,Danny,Welbeck,FWD,5,60,a,,1.0,1.0,,12.36,1.4,24.988888888888887,Brighton,Brighton,24.988888888888887,63.0,49.0,1.0,False,0.11637239672795396,9.236033102101386,53.756372396727954
209244,Foden,Phil,Foden,MID,15,70,a,,,3.0,4.0,6.03,4.76,23.08888888888889,Man City,Man City,23.08888888888889,58.0,102.0,1.0,False,2.3199410902413735,11.180431996478585,53.54319772435906
607464,Kayode,Michael,Kayode,DEF,4,45,a,,,,,1.28,2.89,36.2,Brentford,Brentford,36.2,219.0,163.0,1.0,False,6.326997796804681,8.020973864032173,53.24112978395886
487676,Hume,Trai,Hume,DEF,20,45,a,,,,5.0,2.27,2.05,33.68888888888889,Sunderland,Sunderland,33.68888888888889,203.0,102.0,1.0,False,5.774701195593098,7.765504479579292,53.0827240986158
486672,Caicedo,Moisés,Caicedo Corozo,MID,6,55,a,,,,,1.45,2.38,31.066666666666666,Chelsea,Chelsea,31.066666666666666,189.0,177.0,1.0,False,31.884046687997472,8.232687211215962,53.00462956593894
493250,Amad,Amad,Diallo,MID,16,60,a,,,,6.0,5.46,4.74,25.988888888888887,Man Utd,Man Utd,25.988888888888887,86.0,112.0,1.0,False,4.489670753472666,10.119135800339231,52.930331173646195
465351,Matheus N.,Matheus,Nunes,DEF,15,60,a,,5.0,,,0.34,2.23,31.788888888888888,Man City,Man City,31.788888888888888,195.0,166.0,1.0,False,5.942825178236916,11.180431996478585,52.08477364832491
153682,Wilson,Harry,Wilson,MID,13,65,a,,,,,5.88,4.77,29.711111111111112,Leeds,Fulham,29.711111111111112,95.0,82.0,1.054016253236362,True,1.612954412210325,8.629769008873161,52.07032351446963
84450,Xhaka,Granit,Xhaka,MID,20,55,a,,,1.0,4.0,1.01,3.73,32.233333333333334,Sunderland,Sunderland,32.233333333333334,184.0,178.0,1.0,False,28.896608946894908,7.765504479579292,51.72366406246787
434752,Bijol,Jaka,Bijol,DEF,13,50,a,,,,,0.9,0.75,20.977777777777778,Leeds,Leeds,20.977777777777778,219.0,63.0,1.0,False,24.994138860489347,8.629769008873161,51.70028375961512
512462,O'Brien,Jake,O'Brien,DEF,9,50,a,,,,,1.67,1.0,34.644444444444446,Everton,Everton,34.644444444444446,231.0,114.0,1.0,False,9.525079620942295,7.837359265165153,51.12623305811767
221632,Romero,Cristian,Romero,DEF,19,50,a,,,,,1.39,1.25,20.766666666666666,Spurs,Spurs,20.766666666666666,197.0,88.0,1.0,False,19.78646487573008,8.799469388318785,51.11179620528307
440089,Damsgaard,Mikkel,Damsgaard,MID,4,55,a,,,3.0,6.0,2.61,5.43,22.733333333333334,Brentford,Brentford,22.733333333333334,102.0,139.0,1.0,False,16.969917683762326,8.020973864032173,51.10843011820964
560262,Kroupi.Jr,Junior,Kroupi,MID,3,75,a,,1.0,,,8.31,1.51,18.477777777777778,Bournemouth,Bournemouth,18.477777777777778,51.0,61.0,1.0,False,0.7948927717274027,8.530421646629756,51.02287265428451
78916,Burn,Dan,Burn,DEF,17,50,a,,,,,1.08,0.36,24.38888888888889,Newcastle,Newcastle,24.38888888888889,225.0,76.0,1.0,False,21.573274056094096,8.410057112543342,50.72400547367613
466525,Stach,Anton,Stach,MID,13,60,a,,,1.0,4.0,2.88,4.47,26.322222222222223,Leeds,Leeds,26.322222222222223,146.0,120.0,1.0,False,16.598136666903407,8.629769008873161,50.38589186632461
247632,Neto,Pedro,Lomba Neto,MID,6,65,a,,,4.0,6.0,4.59,6.84,29.211111111111112,Chelsea,Chelsea,29.211111111111112,38.0,84.0,1.0,False,0.076632627498641,8.232687211215962,49.875210018810556
215413,Dewsbury-Hall,Kiernan,Dewsbury-Hall,MID,9,65,a,,,,5.0,4.35,5.34,29.211111111111112,Everton,Everton,29.211111111111112,96.0,134.0,1.0,False,6.018896510346787,7.837359265165153,49.813579992252976
199796,Cash,Matty,Cash,DEF,2,45,a,,,,5.0,1.14,2.94,33.51111111111111,Aston Villa,Aston Villa,33.51111111111111,186.0,88.0,1.0,False,3.7822939289079676,8.550649221096654,49.60458404683488
481655,Zubimendi,Martín,Zubimendi Ibáñez,MID,1,55,a,,,,,2.84,2.27,33.233333333333334,Arsenal,Arsenal,33.233333333333334,191.0,116.0,1.0,False,14.665492855333309,15.890859257734549,49.573025030737995
220627,Justin,James,Justin,DEF,13,45,a,,,,,1.83,1.16,21.033333333333335,Leeds,Leeds,21.033333333333335,183.0,70.0,1.0,False,15.699039453219351,8.629769008873161,49.26565083777712
467779,Wieffer,Mats,Wieffer,DEF,5,50,a,,,,,1.92,1.86,21.122222222222224,Brighton,Brighton,21.122222222222224,167.0,102.0,1.0,False,11.483219199008872,9.236033102101386,49.11853958157582
488024,Yeremy,Yéremy,Pino Santos,MID,8,55,a,,,1.0,6.0,4.53,6.12,23.044444444444444,Crystal Palace,Crystal Palace,23.044444444444444,66.0,101.0,1.0,False,3.009511248861683,7.824994251799617,48.76484402027467
243526,Gudmundsson,Gabriel,Gudmundsson,DEF,13,45,a,,,,,1.1,2.89,29.3,Leeds,Leeds,29.3,184.0,112.0,1.0,False,6.125715114532098,8.629769008873161,48.011739531372484
510663,Ekitiké,Hugo,Ekitiké,FWD,14,75,i,0.0,,,,10.1,2.45,19.966666666666665,Liverpool,Liverpool,19.966666666666665,43.0,42.0,1.0,False,0.0612980029229558,9.206912685583777,47.81129800292295
224967,Mykolenko,Vitalii,Mykolenko,DEF,9,45,a,,,,,0.28,2.46,32.87777777777778,Everton,Everton,32.87777777777778,231.0,107.0,1.0,False,11.319991499778817,7.837359265165153,47.503671108695414
201666,Barnes,Harvey,Barnes,MID,17,60,a,,,,,6.84,2.72,21.677777777777777,Newcastle,Newcastle,21.677777777777777,33.0,67.0,1.0,False,0.12690991634018434,8.410057112543342,47.28457700013318
444102,Evanilson,Francisco Evanilson,de Lima Barbosa,FWD,3,60,a,,,,,10.64,1.48,30.455555555555556,Bournemouth,Bournemouth,30.455555555555556,55.0,80.0,1.0,False,0.12979337815467953,8.530421646629756,47.12979337815468
444463,Fofana,Wesley,Fofana,DEF,6,50,s,0.0,,,,0.72,0.6,19.08888888888889,Chelsea,Chelsea,19.08888888888889,206.0,81.0,1.0,False,24.29837569516825,8.232687211215962,46.96078110905015
427637,Aaronson,Brenden,Aaronson,MID,13,55,a,,,3.0,,4.53,3.6,27.211111111111112,Leeds,Leeds,27.211111111111112,86.0,130.0,1.0,False,5.850152728344895,8.629769008873161,45.47977386949413
232892,Bassey,Calvin,Bassey,DEF,10,45,a,,,,,1.71,0.35,28.133333333333333,Fulham,Fulham,28.133333333333333,205.0,119.0,1.0,False,11.238023215911307,7.663996072039134,45.24420807486228
575476,Murillo,Murillo,Costa dos Santos,DEF,18,55,d,75.0,,2.0,,0.73,0.47,23.666666666666668,Nott'm Forest,Nott'm Forest,23.666666666666668,223.0,102.0,1.0,False,22.15596713208051,6.91644527595093,45.176409749361774
487838,Hall,Lewis,Hall,DEF,17,50,a,,,1.0,5.0,1.01,2.78,24.177777777777777,Newcastle,Newcastle,24.177777777777777,173.0,134.0,1.0,False,8.974704195497807,8.410057112543342,44.77854545502332
508395,Yarmoliuk,Yehor,Yarmoliuk,MID,4,50,a,,,,,1.22,1.39,29.466666666666665,Brentford,Brentford,29.466666666666665,152.0,186.0,1.0,False,28.095118530386337,8.020973864032173,44.58489124600427
199798,Konsa,Ezri,Konsa Ngoyo,DEF,2,45,a,,,,,1.27,0.59,33.72222222222222,Aston Villa,Aston Villa,33.72222222222222,196.0,108.0,1.0,False,4.829154615409691,8.550649221096654,44.57145916047209
111317,Brooks,David,Brooks,MID,3,50,a,,,3.0,9.0,5.81,3.4,13.2,Bournemouth,Bournemouth,13.2,38.0,56.0,1.0,False,1.5580184446327467,8.530421646629756,43.77121754293571
135720,Danso,Kevin,Danso,DEF,19,50,a,,,,,0.62,0.28,16.544444444444444,Spurs,Spurs,16.544444444444444,192.0,45.0,1.0,False,23.87061745212888,8.799469388318785,43.75507349798464
207283,Jensen,Mathias,Jensen,MID,4,55,a,,3.0,2.0,5.0,2.21,6.06,24.877777777777776,Brentford,Brentford,24.877777777777776,102.0,118.0,1.0,False,9.058114179328697,8.020973864032173,43.539272214874906
592031,Minteh,Yankuba,Minteh,MID,5,60,a,,,,6.0,3.81,5.06,26.544444444444444,Brighton,Brighton,26.544444444444444,89.0,96.0,1.0,False,2.759633113261273,9.236033102101386,43.441353312360754
232413,Eze,Eberechi,Eze,MID,1,65,a,,,3.0,,5.18,2.66,20.944444444444443,Arsenal,Arsenal,20.944444444444443,41.0,79.0,1.0,False,0.6138590713064446,15.890859257734549,43.25241746336189
206915,C.Jones,Curtis,Jones,MID,14,55,a,,,,,2.21,2.77,21.366666666666667,Liverpool,Liverpool,21.366666666666667,93.0,144.0,1.0,False,18.44882735195517,9.206912685583777,42.985696677796575
651426,Canvot,Jaydee,Canvot,DEF,8,50,a,,,,,1.48,0.33,14.78888888888889,Crystal Palace,Crystal Palace,14.78888888888889,169.0,54.0,1.0,False,20.823627539684214,7.824994251799617,42.87499286032198
191866,Ajer,Kristoffer,Ajer,DEF,4,45,a,,,,,0.69,0.73,20.055555555555557,Brentford,Brentford,20.055555555555557,192.0,59.0,1.0,False,19.562102257664144,8.020973864032173,42.825269303954286
550864,Yoro,Leny,Yoro,DEF,16,50,a,,,,,1.34,0.59,19.22222222222222,Man Utd,Man Utd,19.22222222222222,156.0,73.0,1.0,False,11.449506336767,10.119135800339231,41.73448286844755
482609,Gusto,Malo,Gusto,DEF,6,50,a,,,,,1.56,2.97,25.055555555555557,Chelsea,Chelsea,25.055555555555557,126.0,123.0,1.0,False,1.6479289276897844,8.232687211215962,41.63103964265118
171314,Rúben,Rúben,dos Santos Gato Alves Dias,DEF,15,55,a,,,,,0.57,0.65,23.766666666666666,Man City,Man City,23.766666666666666,167.0,74.0,1.0,False,8.186026446470137,11.180431996478585,41.52672123064288
166989,Tielemans,Youri,Tielemans,MID,16,60,d,75.0,3.0,,,1.14,3.26,20.633333333333333,Man Utd,Aston Villa,20.633333333333333,109.0,94.0,1.1728757171158373,True,20.007538798246745,10.119135800339231,40.982052009132694
212319,Richarlison,Richarlison,de Andrade,FWD,19,60,a,,4.0,,,8.64,1.46,21.711111111111112,Spurs,Spurs,21.711111111111112,87.0,60.0,1.0,False,1.8958820676695662,8.799469388318785,40.83588206766957
432422,Tonali,Sandro,Tonali,MID,19,55,a,,,4.0,10.0,1.75,2.87,28.155555555555555,Spurs,Newcastle,28.155555555555555,110.0,147.0,1.0926251284102837,True,16.90429314734807,8.799469388318785,40.78413391635386
195546,Buendía,Emiliano,Buendía Stati,MID,2,60,a,,1.0,1.0,,3.38,2.23,19.477777777777778,Aston Villa,Aston Villa,19.477777777777778,88.0,109.0,1.0,False,12.320522418895633,8.550649221096654,40.29335519216535
202993,Bentancur,Rodrigo,Bentancur,MID,19,55,a,,,,,0.72,0.84,20.88888888888889,Spurs,Spurs,20.88888888888889,147.0,131.0,1.0,False,28.299490987816334,8.799469388318785,39.256626207126075
95658,Maguire,Harry,Maguire,DEF,16,50,a,,,,,1.12,0.5,18.322222222222223,Man Utd,Man Utd,18.322222222222223,151.0,62.0,1.0,False,11.496751746081436,10.119135800339231,39.23307330720353
248875,Doku,Jérémy,Doku,MID,15,75,a,,4.0,,,2.87,5.86,19.7,Man City,Man City,19.7,38.0,88.0,1.0,False,1.2045352162943344,11.180431996478585,38.93070654078455
180974,Joelinton,Joelinton Cássio,Apolinário de Lira,MID,17,55,d,75.0,,,,2.36,1.35,21.666666666666668,Newcastle,Newcastle,21.666666666666668,116.0,122.0,1.0,False,18.152188518844987,8.410057112543342,38.79739652161093
167074,Tete,Kenny,Tete,DEF,10,45,a,,,,,0.92,1.46,19.9,Fulham,Fulham,19.9,165.0,82.0,1.0,False,12.741298982233667,7.663996072039134,38.69535391208406
184349,Sessegnon,Ryan,Sessegnon,DEF,10,45,a,,,,,1.6,1.8,20.177777777777777,Fulham,Fulham,20.177777777777777,144.0,74.0,1.0,False,7.410003741380607,7.663996072039134,38.688152123629806
210462,Sangaré,Ibrahim,Sangaré,MID,18,50,a,,,,,1.16,1.8,23.033333333333335,Nott'm Forest,Nott'm Forest,23.033333333333335,153.0,114.0,1.0,False,22.620069113364945,6.91644527595093,38.012405679752746
225796,James,Reece,James,DEF,6,55,a,,,1.0,5.0,1.04,3.2,21.744444444444444,Chelsea,Chelsea,21.744444444444444,128.0,101.0,1.0,False,3.3197866528843885,8.232687211215962,38.00349293633426
477424,Gvardiol,Joško,Gvardiol,DEF,15,55,a,,,,,2.25,0.7,15.222222222222221,Man City,Man City,15.222222222222221,103.0,49.0,1.0,False,4.464055730459488,11.180431996478585,37.978899982126926
509416,Ayari,Yasin,Ayari,MID,5,55,a,,,2.0,8.0,2.7,1.15,21.344444444444445,Brighton,Brighton,21.344444444444445,101.0,124.0,1.0,False,15.631062217765638,9.236033102101386,37.768904202893346
485711,Šeško,Benjamin,Sesko,FWD,16,70,d,75.0,,,,9.21,0.28,18.11111111111111,Man Utd,Man Utd,18.11111111111111,25.0,39.0,1.0,False,0.011393560377651182,10.119135800339231,37.691393560377655
465730,De Cuyper,Maxim,De Cuyper,DEF,5,45,a,,,4.0,,1.66,4.08,15.6,Brighton,Brighton,15.6,64.0,68.0,1.0,False,0.29885432170630927,9.236033102101386,37.66539288936753
544877,Kerkez,Milos,Kerkez,DEF,14,55,a,,,,,1.5,0.69,25.011111111111113,Liverpool,Liverpool,25.011111111111113,134.0,88.0,1.0,False,2.337260401624507,9.206912685583777,37.646746314196534
441302,Maatsen,Ian,Maatsen,DEF,2,45,a,,,,,1.26,2.39,17.666666666666668,Aston Villa,Aston Villa,17.666666666666668,128.0,82.0,1.0,False,6.8978371323688075,8.550649221096654,37.52904445581171
166477,Castagne,Timothy,Castagne,DEF,10,45,a,,,,,1.5,1.47,20.42222222222222,Fulham,Fulham,20.42222222222222,146.0,56.0,1.0,False,7.553650175313754,7.663996072039134,37.4390007956739
243016,Mac Allister,Alexis,Mac Allister,MID,14,55,a,,5.0,,,3.89,1.69,29.488888888888887,Liverpool,Liverpool,29.488888888888887,117.0,112.0,1.0,False,5.647280432455877,9.206912685583777,37.3120600428475
441266,Gravenberch,Ryan,Gravenberch,MID,14,60,a,,,,,1.89,2.26,33.233333333333334,Liverpool,Liverpool,33.233333333333334,171.0,127.0,1.0,False,12.880720373276382,9.206912685583777,37.16273085356325
220566,Rodrigo,Rodrigo 'Rodri',Hernandez Cascante,MID,15,65,i,0.0,,,,1.15,2.45,16.77777777777778,Man City,Man City,16.77777777777778,99.0,107.0,1.0,False,19.120537992431853,11.180431996478585,37.156927558128544
532529,Hinshelwood,Jack,Hinshelwood,MID,5,60,a,,,,,4.94,2.34,19.288888888888888,Brighton,Brighton,19.288888888888888,53.0,61.0,1.0,False,0.699886111486423,9.236033102101386,37.10811811886888
486385,Beto,Norberto Bercique,Gomes Betuncal,FWD,9,55,a,,4.0,,,8.9,0.23,17.233333333333334,Everton,Everton,17.233333333333334,63.0,26.0,1.0,False,0.2394759606236677,7.837359265165153,36.529475960623664
152551,Lerma,Jefferson,Lerma Solís,MID,8,50,a,,,,,1.84,1.48,19.133333333333333,Crystal Palace,Crystal Palace,19.133333333333333,118.0,102.0,1.0,False,18.367854753993694,7.824994251799617,35.947808000075256
433036,Reijnders,Tijjani,Reijnders,MID,15,60,a,,,4.0,6.0,4.61,2.35,18.033333333333335,Man City,Man City,18.033333333333335,42.0,58.0,1.0,False,0.42013461037331123,11.180431996478585,35.82593611045657
435997,Okafor,Noah,Okafor,MID,13,60,a,,,,,5.25,1.32,17.255555555555556,Leeds,Leeds,17.255555555555556,52.0,61.0,1.0,False,1.2254548126551987,8.629769008873161,35.35417740645053
596777,Dorgu,Patrick,Dorgu,MID,16,60,a,,,,,2.39,1.84,16.0,Man Utd,Man Utd,16.0,98.0,77.0,1.0,False,13.22472163649946,10.119135800339231,34.95541039453703
493362,Xavi,Xavi,Simons,MID,19,60,i,0.0,3.0,2.0,8.0,3.06,3.85,19.41111111111111,Spurs,Spurs,19.41111111111111,62.0,87.0,1.0,False,3.4926738652568705,8.799469388318785,34.837607497243106
169528,Robinson,Antonee,Robinson,DEF,10,45,a,,1.0,,,1.07,1.58,16.522222222222222,Fulham,Fulham,16.522222222222222,136.0,98.0,1.0,False,10.325143017881839,7.663996072039134,34.814221566562765
101188,Digne,Lucas,Digne,DEF,2,45,a,,,,4.0,0.67,3.28,20.466666666666665,Aston Villa,Aston Villa,20.466666666666665,113.0,63.0,1.0,False,2.2465446679925196,8.550649221096654,34.52794334081127
209400,Kamada,Daichi,Kamada,MID,8,50,a,,,,8.0,1.64,3.24,21.1,Crystal Palace,Crystal Palace,21.1,100.0,108.0,1.0,False,12.118708593076093,7.824994251799617,34.38363961183852
578153,Khusanov,Abdukodir,Khusanov,DEF,15,55,a,,,,,0.65,1.21,15.855555555555556,Man City,Man City,15.855555555555556,123.0,75.0,1.0,False,8.047761481017744,11.180431996478585,34.23796786578376
485047,Morato,Felipe,Rodrigues da Silva,DEF,18,50,a,,,,,1.32,0.15,14.88888888888889,Nott'm Forest,Nott'm Forest,14.88888888888889,144.0,52.0,1.0,False,14.900103478514565,6.91644527595093,34.10991244901076
122806,McGinn,John,McGinn,MID,2,55,a,,,,6.0,3.0,4.11,23.733333333333334,Aston Villa,Aston Villa,23.733333333333334,61.0,89.0,1.0,False,1.3440597967913592,8.550649221096654,34.01446527523067
586309,Barry,Thierno,Barry,FWD,9,55,a,,2.0,,,8.17,0.44,21.08888888888889,Everton,Everton,21.08888888888889,40.0,34.0,1.0,False,0.012467641002717272,7.837359265165153,34.012467641002715
174594,Nmecha,Lukas,Nmecha,FWD,13,55,a,,2.0,,,7.25,1.58,11.833333333333334,Leeds,Leeds,11.833333333333334,27.0,30.0,1.0,False,0.09706764114072124,8.629769008873161,33.83706764114072
451340,Mitoma,Mitoma,Kaoru,MID,5,60,i,0.0,,,,4.04,2.74,19.044444444444444,Brighton,Brighton,19.044444444444444,45.0,62.0,1.0,False,0.4867746745976906,9.236033102101386,33.53559360354558
232859,Spence,Djed,Spence,DEF,19,45,a,,,,,0.9,1.77,22.766666666666666,Spurs,Spurs,22.766666666666666,116.0,112.0,1.0,False,1.6124359193332354,8.799469388318785,33.410287120111235
209289,Smith Rowe,Emile,Smith Rowe,MID,10,55,a,,,,,4.71,1.12,21.211111111111112,Fulham,Fulham,21.211111111111112,77.0,71.0,1.0,False,2.220323417155766,7.663996072039134,33.408267423448955
209365,De Ligt,Matthijs,de Ligt,DEF,16,50,i,0.0,,,,1.38,0.83,13.0,Man Utd,Man Utd,13.0,107.0,40.0,1.0,False,8.122137175441752,10.119135800339231,32.73937563906386
195384,Merino,Mikel,Merino Zazón,MID,1,60,a,,,,,3.36,1.45,11.377777777777778,Arsenal,Arsenal,11.377777777777778,56.0,57.0,1.0,False,6.7237224387894665,15.890859257734549,32.631687315959105
449871,Onana,Amadou,Onana,MID,2,50,i,0.0,,,,1.68,0.69,19.5,Aston Villa,Aston Villa,19.5,147.0,72.0,1.0,False,17.482141463843718,8.550649221096654,32.339974616774896
153133,Iwobi,Alex,Iwobi,MID,10,55,a,,2.0,1.0,4.0,1.91,4.7,26.88888888888889,Fulham,Fulham,26.88888888888889,62.0,126.0,1.0,False,2.8489954841454734,7.663996072039134,31.922057032196555
448089,Gomes,Joao,Gomes,MID,2,55,a,,,,,1.15,1.34,24.522222222222222,Aston Villa,Wolves,31.433333333333334,194.0,193.0,0.833646825674905,True,16.359902723753628,8.550649221096654,31.647821680174772
493105,Garnacho,Alejandro,Garnacho Ferreyra,MID,2,60,a,,,,,3.44,3.68,14.011111111111111,Aston Villa,Chelsea,14.011111111111111,26.0,45.0,0.9263884774117978,True,0.09409536700530376,8.550649221096654,31.486834743555857
249231,Lewis-Potter,Keane,Lewis-Potter,MID,4,55,a,,,1.0,,3.01,2.51,21.77777777777778,Brentford,Brentford,21.77777777777778,74.0,96.0,1.0,False,4.287567480742124,8.020973864032173,31.46438291159097
482442,P.M.Sarr,Pape Matar,Sarr,MID,19,50,a,,,,,1.63,1.11,15.422222222222222,Spurs,Spurs,15.422222222222222,106.0,77.0,1.0,False,16.131470683952305,8.799469388318785,31.18271732459162
470313,Woltemade,Nick,Woltemade,FWD,17,60,a,,1.0,,,6.59,1.53,21.066666666666666,Newcastle,Newcastle,21.066666666666666,52.0,53.0,1.0,False,0.22431409149831485,8.410057112543342,31.174314091498314
212314,Lukić,Saša,Lukić,MID,10,50,a,,,2.0,5.0,2.23,1.91,19.22222222222222,Fulham,Fulham,19.22222222222222,112.0,71.0,1.0,False,9.617712320669002,7.663996072039134,30.37452904716833
434399,Reinildo,Reinildo,Mandava,DEF,20,45,a,,,,,0.13,0.62,21.844444444444445,Sunderland,Sunderland,21.844444444444445,164.0,90.0,1.0,False,9.806678842938457,7.765504479579292,30.302797915281015
444145,Martinelli,Gabriel,Martinelli Silva,MID,1,65,a,,,,,4.12,1.27,11.833333333333334,Arsenal,Arsenal,11.833333333333334,25.0,52.0,1.0,False,0.807322837072406,15.890859257734549,30.165792167331848
465694,N.Gonzalez,Nico,González Iglesias,MID,15,55,a,,,,,0.68,1.12,17.344444444444445,Man City,Man City,17.344444444444445,116.0,90.0,1.0,False,18.18620633043586,11.180431996478585,30.04932163643091
119471,Schär,Fabian,Schär,DEF,17,50,a,100.0,,3.0,,0.97,0.6,12.1,Newcastle,Newcastle,12.1,115.0,42.0,1.0,False,11.584809098557477,8.410057112543342,29.916566052428472
482973,Igor Jesus,Igor Jesus,Maciel da Cruz,FWD,18,60,a,,3.0,,,6.48,1.26,25.477777777777778,Nott'm Forest,Nott'm Forest,25.477777777777778,62.0,61.0,1.0,False,0.2126424039307075,6.91644527595093,29.91264240393071
200785,Adams,Tyler,Adams,MID,3,50,a,,,,,0.63,0.63,19.655555555555555,Bournemouth,Bournemouth,19.655555555555555,136.0,96.0,1.0,False,20.27391713433059,8.530421646629756,29.726290202426505
204580,Janelt,Vitaly,Janelt,MID,4,50,a,,,,7.0,0.82,2.27,15.933333333333334,Brentford,Brentford,15.933333333333334,98.0,85.0,1.0,False,15.247318077008213,8.020973864032173,29.520498346312934
207189,Berge,Sander,Berge,MID,10,50,a,,,,,1.54,1.5,32.266666666666666,Fulham,Fulham,32.266666666666666,148.0,132.0,1.0,False,10.76965347317665,7.663996072039134,29.477327330837948
244954,Pau,Pau,Torres,DEF,2,45,a,,,,,1.33,0.39,18.58888888888889,Aston Villa,Aston Villa,18.58888888888889,112.0,79.0,1.0,False,3.18476094142486,8.550649221096654,29.06603128867012
500040,Mosquera,Cristhian,Mosquera,DEF,1,55,a,,,,,0.1,0.63,10.955555555555556,Arsenal,Arsenal,10.955555555555556,95.0,35.0,1.0,False,8.093631947292076,15.890859257734549,28.909231044515778
489888,Adli,Amine,Adli,MID,3,50,a,,,,,2.6,1.62,11.933333333333334,Bournemouth,Bournemouth,11.933333333333334,62.0,61.0,1.0,False,8.082502896642314,8.530421646629756,28.62135460672429
149484,Mings,Tyrone,Mings,DEF,2,45,a,,,,,1.3,0.42,14.688888888888888,Aston Villa,Aston Villa,14.688888888888888,107.0,47.0,1.0,False,5.860142104101723,8.550649221096654,28.141145929002047
535301,Baleba,Carlos,Baleba,MID,5,50,a,,,,,0.78,0.72,18.288888888888888,Brighton,Brighton,18.288888888888888,104.0,105.0,1.0,False,17.252024594072548,9.236033102101386,27.757203098768127
114243,J.Murphy,Jacob,Murphy,MID,17,60,a,,,,,3.07,2.66,17.844444444444445,Newcastle,Newcastle,17.844444444444445,43.0,47.0,1.0,False,0.20777532687469358,8.410057112543342,27.48705945633218
60307,Groß,Pascal,Groß,MID,5,55,a,,,,5.0,1.39,3.95,18.177777777777777,Brighton,Brighton,18.177777777777777,69.0,76.0,1.0,False,4.008364278150468,9.236033102101386,27.22653683810306
114283,Grealish,Jack,Grealish,MID,15,65,a,,,,,2.05,3.37,18.07777777777778,Man City,Everton,18.07777777777778,47.0,88.0,0.8818304070796541,True,1.3295769448232633,11.180431996478585,27.008454973557374
209046,Hudson-Odoi,Callum,Hudson-Odoi,MID,18,60,d,75.0,,4.0,,2.77,3.02,20.42222222222222,Nott'm Forest,Nott'm Forest,20.42222222222222,38.0,68.0,1.0,False,0.29455174916920396,6.91644527595093,26.921635496887863
503301,Hutchinson,Omari,Hutchinson,MID,18,55,a,,,,4.0,2.01,3.87,18.622222222222224,Nott'm Forest,Nott'm Forest,18.622222222222224,42.0,87.0,1.0,False,1.8670486995083262,6.91644527595093,26.916511355208254
441264,Brobbey,Brian,Brobbey,FWD,20,60,a,,,,,6.02,0.67,21.333333333333332,Sunderland,Sunderland,21.333333333333332,30.0,44.0,1.0,False,0.01138849247891945,7.765504479579292,26.101388492478918
511499,Tel,Mathys,Tel,MID,19,60,a,,,,9.0,2.47,2.43,14.822222222222223,Spurs,Spurs,14.822222222222223,39.0,72.0,1.0,False,2.3296088648201594,8.799469388318785,25.401916515117605
159506,Aina,Ola,Aina,DEF,18,45,a,,,,,0.41,0.84,17.633333333333333,Nott'm Forest,Nott'm Forest,17.633333333333333,130.0,81.0,1.0,False,7.377112701286296,6.91644527595093,25.19500586261276
532605,Andrey Santos,Andrey,Nascimento dos Santos,MID,16,50,a,,,,,2.0,0.88,13.855555555555556,Man Utd,Chelsea,13.855555555555556,81.0,48.0,1.0865385497722109,True,8.770467318977593,10.119135800339231,25.100105430972626
184029,Ødegaard,Martin,Ødegaard,MID,1,65,a,,3.0,,8.0,1.25,3.65,15.144444444444444,Arsenal,Arsenal,15.144444444444444,32.0,70.0,1.0,False,1.2804806955915715,15.890859257734549,24.813592148308587
247412,Strand Larsen,Jørgen,Strand Larsen,FWD,8,60,a,,,,,5.3,1.12,25.566666666666666,Crystal Palace,Crystal Palace,25.566666666666666,58.0,37.0,1.0,False,0.024945829712778225,7.824994251799617,24.584945829712776
246301,J.Cuenca,Jorge,Cuenca Barreno,DEF,10,45,a,,,,,0.05,0.53,10.38888888888889,Fulham,Fulham,10.38888888888889,117.0,40.0,1.0,False,14.279251103139044,7.663996072039134,24.550346222854355
547719,L.Miley,Lewis,Miley,MID,17,55,i,0.0,,,7.0,1.36,2.1,16.58888888888889,Newcastle,Newcastle,16.58888888888889,86.0,69.0,1.0,False,7.682030342042136,8.410057112543342,24.453438315441907
460842,Kudus,Mohammed,Kudus,MID,19,65,d,75.0,2.0,3.0,7.0,1.92,2.41,17.055555555555557,Spurs,Spurs,17.055555555555557,38.0,95.0,1.0,False,3.3394620033026223,8.799469388318785,24.118931450983712
577669,Sadiki,Noah,Sadiki,MID,20,50,a,,,,,1.43,1.46,32.12222222222222,Sunderland,Sunderland,32.12222222222222,135.0,113.0,1.0,False,5.962618465841219,7.765504479579292,24.056967427965112
448514,Aït-Nouri,Rayan,Aït-Nouri,DEF,15,55,a,,,,,0.53,2.01,10.78888888888889,Man City,Man City,10.78888888888889,67.0,49.0,1.0,False,2.139332320499701,11.180431996478585,24.046641640477137
490094,Iroegbunam,Tim,Iroegbunam,MID,9,50,a,,,,,0.54,0.71,16.41111111111111,Everton,Everton,16.41111111111111,111.0,78.0,1.0,False,15.825551992938898,7.837359265165153,24.04028288026315
221820,Martinez,Lisandro,Martínez,DEF,16,50,d,75.0,,,,0.15,0.6,13.655555555555555,Man Utd,Man Utd,13.655555555555555,105.0,68.0,1.0,False,6.708587643038273,10.119135800339231,23.954105653116535
248056,Tanaka,Tanaka,Ao,MID,13,50,a,,,,6.0,1.44,1.39,14.522222222222222,Leeds,Leeds,14.522222222222222,65.0,82.0,1.0,False,9.213738420516089,8.629769008873161,23.88172324349773
158499,Christie,Ryan,Christie,MID,3,50,s,0.0,,,10.0,1.81,0.79,10.866666666666667,Bournemouth,Bournemouth,10.866666666666667,61.0,62.0,1.0,False,9.970367171414114,8.530421646629756,23.829768449309995
122798,Robertson,Andrew,Robertson,DEF,19,45,a,,,,,1.1,1.4,12.944444444444445,Spurs,Liverpool,12.944444444444445,55.0,40.0,1.1871106106666889,True,0.8659821928060535,8.799469388318785,23.655902470456798
624773,Estêvão,Estêvão,Almeida de Oliveira Gonçalves,MID,6,65,a,,3.0,,8.0,2.91,2.14,9.322222222222223,Chelsea,Chelsea,9.322222222222223,20.0,36.0,1.0,False,0.3776163200024566,8.232687211215962,23.36727262708146
516895,Mainoo,Kobbie,Mainoo,MID,16,55,a,,,,,0.48,1.27,18.366666666666667,Man Utd,Man Utd,18.366666666666667,92.0,95.0,1.0,False,11.903128217918947,10.119135800339231,23.004043854749575
250199,Dominguez,Nicolás,Domínguez,MID,18,50,a,,,,,1.47,0.77,12.977777777777778,Nott'm Forest,Nott'm Forest,12.977777777777778,85.0,58.0,1.0,False,10.978727202820714,6.91644527595093,23.000834829227347
499604,Rayan,Rayan Vitor,Simplício Rocha,MID,3,65,a,,,,,2.67,1.84,12.333333333333334,Bournemouth,Bournemouth,12.333333333333334,39.0,43.0,1.0,False,0.9628599495894617,8.530421646629756,22.601505571741225
242882,Diakité,Bafodé,Diakité,DEF,3,50,a,,,,,0.02,0.19,14.166666666666666,Bournemouth,Bournemouth,14.166666666666666,117.0,48.0,1.0,False,8.952317228703867,8.530421646629756,22.363121438590348
547027,Diarra,Habib,Diarra,MID,20,55,a,,1.0,,,3.27,0.85,15.588888888888889,Sunderland,Sunderland,15.588888888888889,31.0,48.0,1.0,False,0.188135725682414,7.765504479579292,22.27380905458585
606745,Heaven,Ayden,Heaven,DEF,16,45,a,,,,,0.34,0.18,10.222222222222221,Man Utd,Man Utd,10.222222222222221,93.0,39.0,1.0,False,8.698674066750975,10.119135800339231,22.16710089284699
232112,Ugarte,Manuel,Ugarte Ribeiro,MID,16,50,i,0.0,,,,0.72,0.16,9.733333333333333,Man Utd,Man Utd,9.733333333333333,91.0,51.0,1.0,False,15.310519725772409,10.119135800339231,21.982438720245263
463067,Georginio,Georginio,Rutter,FWD,5,55,a,,,,,2.9,2.9,19.733333333333334,Brighton,Brighton,19.733333333333334,70.0,61.0,1.0,False,1.526052842266076,9.236033102101386,21.826052842266073
230001,Mazraoui,Noussair,Mazraoui,DEF,16,45,a,,,,,0.19,0.35,10.855555555555556,Man Utd,Man Utd,10.855555555555556,94.0,46.0,1.0,False,7.984967648643782,10.119135800339231,21.738003528095746
242898,Johnson,Brennan,Johnson,MID,8,60,a,,,2.0,,2.45,1.31,19.0,Crystal Palace,Crystal Palace,19.0,66.0,55.0,1.0,False,1.1300269178943683,7.824994251799617,21.222524043794177
551210,Hato,Jorrel,Hato,DEF,6,45,a,,,,,0.3,0.61,12.655555555555555,Chelsea,Chelsea,12.655555555555555,99.0,50.0,1.0,False,6.622123665922703,8.232687211215962,21.21941107361274
232653,J.Ramsey,Jacob,Ramsey,MID,17,50,a,,,,,1.2,1.45,16.011111111111113,Newcastle,Newcastle,16.011111111111113,64.0,85.0,1.0,False,7.289900736707009,8.410057112543342,21.183436496699684
109646,Tosin,Tosin,Adarabioyo,DEF,6,45,a,,,,,0.11,0.4,8.755555555555556,Chelsea,Chelsea,8.755555555555556,97.0,22.0,1.0,False,11.69683971448168,8.232687211215962,21.14439237230411
180135,Longstaff,Sean,Longstaff,MID,13,50,a,,,2.0,5.0,1.23,1.87,11.144444444444444,Leeds,Leeds,11.144444444444444,67.0,43.0,1.0,False,6.432171973334967,8.629769008873161,20.72306621775011
510281,Savinho,Sávio,Moreira de Oliveira,MID,15,65,a,,,,,2.5,1.59,9.077777777777778,Man City,Man City,9.077777777777778,20.0,39.0,1.0,False,0.6147360806489792,11.180431996478585,20.55561705758553
248857,Madueke,Noni,Madueke,MID,1,65,a,,,,7.0,1.23,2.86,13.38888888888889,Arsenal,Arsenal,13.38888888888889,35.0,35.0,1.0,False,0.20373224386009964,15.890859257734549,20.53270458467008
108413,Hughes,Will,Hughes,MID,8,45,a,,,,7.0,1.11,1.94,17.333333333333332,Crystal Palace,Crystal Palace,17.333333333333332,82.0,66.0,1.0,False,5.360757272646905,7.824994251799617,20.3000528962748
184341,Mount,Mason,Mount,MID,16,55,a,,,3.0,,1.56,1.62,11.222222222222221,Man Utd,Man Utd,11.222222222222221,43.0,59.0,1.0,False,4.617306257130554,10.119135800339231,20.265706011031906
198869,White,Benjamin,White,DEF,1,55,i,0.0,,,,0.45,0.69,7.766666666666667,Arsenal,Arsenal,7.766666666666667,53.0,28.0,1.0,False,2.362898601677752,15.890859257734549,20.12437301238705
437505,Isidor,Wilson,Isidor,FWD,20,55,a,,,,,4.7,0.38,12.755555555555556,Sunderland,Sunderland,12.755555555555556,28.0,23.0,1.0,False,0.023263107777506016,7.765504479579292,19.963263107777507
56979,Henderson,Jordan,Henderson,MID,4,50,d,75.0,,,,0.33,2.31,21.233333333333334,Brentford,Brentford,21.233333333333334,85.0,98.0,1.0,False,6.863577374330592,8.020973864032173,19.92547241940822
155408,Cook,Lewis,Cook,MID,3,50,a,,,,8.0,0.07,0.52,9.688888888888888,Bournemouth,Bournemouth,9.688888888888888,81.0,62.0,1.0,False,15.478362858266859,8.530421646629756,19.56337095062392
577725,King,Josh,King,MID,10,55,a,,,,,2.47,0.66,14.333333333333334,Fulham,Fulham,14.333333333333334,48.0,59.0,1.0,False,2.2135395530263287,7.663996072039134,19.434345088970918
433154,McNeil,Dwight,McNeil,MID,9,55,a,,,2.0,6.0,1.37,1.91,12.9,Everton,Everton,12.9,49.0,62.0,1.0,False,4.138345417304391,7.837359265165153,19.37892264153151
222683,Kluivert,Justin,Kluivert,MID,3,60,a,,2.0,2.0,,2.31,1.55,10.5,Bournemouth,Bournemouth,10.5,19.0,46.0,1.0,False,0.5194086566193977,8.530421646629756,19.07649884845131
547701,Gray,Archie,Gray,MID,19,50,a,,,,,1.5,1.29,16.344444444444445,Spurs,Spurs,16.344444444444445,76.0,56.0,1.0,False,3.8409039069400985,8.799469388318785,18.995704921623414
538207,Osula,William,Osula,FWD,17,60,a,,2.0,,,4.28,0.62,8.944444444444445,Newcastle,Newcastle,8.944444444444445,8.0,23.0,1.0,False,0.004739412867952184,8.410057112543342,18.984739412867953
463034,Delap,Liam,Delap,FWD,6,55,a,,4.0,,,4.54,0.23,12.133333333333333,Chelsea,Chelsea,12.133333333333333,17.0,25.0,1.0,False,0.006358648049439915,8.232687211215962,18.85635864804944
216094,Frimpong,Jeremie,Frimpong,DEF,14,55,a,,,,,0.5,1.55,11.466666666666667,Liverpool,Liverpool,11.466666666666667,30.0,52.0,1.0,False,0.0090382426939757,9.206912685583777,18.771943378977554
500151,Savona,Nicolò,Savona,DEF,18,45,i,0.0,,,,1.34,0.45,11.38888888888889,Nott'm Forest,Nott'm Forest,11.38888888888889,57.0,27.0,1.0,False,0.7290097919471669,6.91644527595093,18.41065471340881
60689,Wood,Chris,Wood,FWD,18,60,a,,1.0,,,4.29,0.32,9.955555555555556,Nott'm Forest,Nott'm Forest,9.955555555555556,15.0,14.0,1.0,False,0.0010801143434340096,6.91644527595093,18.121080114343435
549912,Talbi,Chemsdine,Talbi,MID,20,55,a,,,,,2.13,1.18,17.255555555555556,Sunderland,Sunderland,17.255555555555556,31.0,61.0,1.0,False,0.3030582623523483,7.765504479579292,18.019323892991714
232787,Gallagher,Conor,Gallagher,MID,19,55,a,,,,,1.23,0.7,13.144444444444444,Spurs,Spurs,13.144444444444444,51.0,73.0,1.0,False,6.334841011928494,8.799469388318785,17.628634078121806
487053,Udogie,Destiny,Udogie,DEF,19,45,a,,,,,0.18,0.72,14.833333333333334,Spurs,Spurs,14.833333333333334,68.0,70.0,1.0,False,0.5674738200539157,8.799469388318785,17.546996198306054
204120,Boscagli,Olivier,Boscagli,DEF,5,45,a,,,,,0.05,0.47,8.877777777777778,Brighton,Brighton,8.877777777777778,78.0,54.0,1.0,False,6.82555387328381,9.236033102101386,17.166653813142297
489706,Devenny,Justin,Devenny,MID,8,50,a,,3.0,3.0,,2.38,0.39,8.722222222222221,Crystal Palace,Crystal Palace,8.722222222222221,38.0,34.0,1.0,False,2.2884944796721647,7.824994251799617,17.15458234156184
441191,Livramento,Tino,Livramento,DEF,17,50,d,75.0,,,,0.13,0.89,14.733333333333333,Newcastle,Newcastle,14.733333333333333,68.0,81.0,1.0,False,0.5870656121488369,8.410057112543342,17.080031379672196
210156,Awoniyi,Taiwo,Awoniyi,FWD,18,55,a,,,,,3.68,0.77,5.333333333333333,Nott'm Forest,Nott'm Forest,5.333333333333333,8.0,18.0,1.0,False,0.04797263893542454,6.91644527595093,17.077972638935424
550839,Odobert,Wilson,Odobert,MID,19,55,i,0.0,,,,1.92,1.21,10.8,Spurs,Spurs,10.8,24.0,53.0,1.0,False,1.2835501439492794,8.799469388318785,17.01445197010304
477555,Bobb,Oscar,Bobb,MID,10,55,a,,,,,1.47,2.1,11.444444444444445,Fulham,Fulham,11.444444444444445,33.0,43.0,1.0,False,0.8869178582913494,7.663996072039134,16.845080417999043
449434,Elanga,Anthony,Elanga,MID,17,60,a,,,,8.0,1.65,1.74,14.466666666666667,Newcastle,Newcastle,14.466666666666667,23.0,32.0,1.0,False,0.017195710684434797,8.410057112543342,16.688919207915845
226944,Kamara,Boubacar,Kamara,MID,2,50,d,75.0,,,,0.53,0.84,15.666666666666666,Aston Villa,Aston Villa,15.666666666666666,84.0,65.0,1.0,False,7.806575754064201,8.550649221096654,16.501843415393523
492777,Bradley,Conor,Bradley,DEF,14,50,i,0.0,,,,0.18,0.84,10.311111111111112,Liverpool,Liverpool,10.311111111111112,65.0,43.0,1.0,False,2.194776160486217,9.206912685583777,15.78777612799703
88894,Barkley,Ross,Barkley,MID,2,50,a,,,,,1.58,1.26,9.377777777777778,Aston Villa,Aston Villa,9.377777777777778,29.0,45.0,1.0,False,1.9546327851683285,8.550649221096654,15.744793002304462
194010,Henry,Rico,Henry,DEF,4,45,a,,,,,0.18,0.54,14.688888888888888,Brentford,Brentford,14.688888888888888,68.0,72.0,1.0,False,0.5960001361575017,8.020973864032173,15.698020543468067
219847,Havertz,Kai,Havertz,FWD,1,75,a,,,,,3.31,0.64,6.411111111111111,Arsenal,Arsenal,6.411111111111111,18.0,14.0,1.0,False,0.06900970895557708,15.890859257734549,15.229009708955576
200089,Willock,Joe,Willock,MID,17,50,a,,,,,1.26,1.07,10.8,Newcastle,Newcastle,10.8,37.0,52.0,1.0,False,2.809757659172094,8.410057112543342,14.709984417473885
560552,Kevin,Kevin,Santos Lopes de Macedo,MID,10,55,a,,,,6.0,1.21,1.47,11.444444444444445,Fulham,Fulham,11.444444444444445,38.0,48.0,1.0,False,1.8333187309559165,7.663996072039134,14.60148129066361
480455,Branthwaite,Jarrad,Branthwaite,DEF,9,55,a,,,,,0.34,0.11,7.533333333333333,Everton,Everton,7.533333333333333,67.0,30.0,1.0,False,6.005617706426059,7.837359265165153,14.590506106171059
611922,Ngumoha,Rio,Ngumoha,MID,14,60,a,,,,,1.34,2.01,6.0777777777777775,Liverpool,Liverpool,6.0777777777777775,11.0,19.0,1.0,False,0.06011653838358059,9.206912685583777,14.26268415213046
216646,Wissa,Yoane,Wissa,FWD,17,60,a,,4.0,,,3.13,0.54,5.7444444444444445,Newcastle,Newcastle,5.7444444444444445,8.0,14.0,1.0,False,0.0072704024952772225,8.410057112543342,14.147270402495279
456512,Ndoye,Dan,Ndoye,MID,18,55,a,,,,,1.05,1.51,12.966666666666667,Nott'm Forest,Nott'm Forest,12.966666666666667,46.0,50.0,1.0,False,1.911974685144729,6.91644527595093,14.052059959131496
244042,Muniz,Rodrigo,Muniz Carvalho,FWD,10,55,a,,,,,3.3,0.15,10.966666666666667,Fulham,Fulham,10.966666666666667,37.0,15.0,1.0,False,0.07963072346881266,7.663996072039134,13.72963072346881
485337,Guessand,Evann,Guessand,MID,2,55,a,,,,,1.56,0.85,10.1,Aston Villa,Crystal Palace,10.1,40.0,43.0,0.8512529454165706,True,1.0735115478955897,8.550649221096654,13.696184104029175
154566,Solanke,Dominic,Solanke-Mitchell,FWD,19,60,a,,1.0,,,2.97,0.34,11.077777777777778,Spurs,Spurs,11.077777777777778,38.0,33.0,1.0,False,0.6863983300726292,8.799469388318785,13.58639833007263
438234,Marmoush,Omar,Marmoush,FWD,15,70,a,,2.0,2.0,,2.78,0.77,7.677777777777778,Man City,Man City,7.677777777777778,19.0,20.0,1.0,False,0.09430082227765559,11.180431996478585,13.524300822277656
54469,Smith,Adam,Smith,DEF,3,45,a,,,,,0.0,0.23,11.922222222222222,Bournemouth,Bournemouth,11.922222222222222,70.0,29.0,1.0,False,1.7968013597384425,8.530421646629756,13.192231098725259
647850,Kostoulas,Charalampos,Kostoulas,FWD,5,55,a,,,,,2.12,0.54,3.9,Brighton,Brighton,3.9,16.0,25.0,1.0,False,2.8297455298106087,9.236033102101386,12.92974552981061
458249,Zirkzee,Joshua,Zirkzee,FWD,16,55,a,,,,,2.74,0.34,6.7444444444444445,Man Utd,Man Utd,6.7444444444444445,23.0,21.0,1.0,False,0.46770584235645857,10.119135800339231,12.44770584235646
502697,Alcaraz,Carlos,Alcaraz Durán,MID,9,50,a,,,,,1.17,0.54,7.544444444444444,Everton,Everton,7.544444444444444,27.0,43.0,1.0,False,3.3919993915930715,7.837359265165153,12.41801311704545
184667,Lindelöf,Victor,Lindelöf,DEF,2,45,a,,,,,0.28,0.1,10.466666666666667,Aston Villa,Aston Villa,10.466666666666667,54.0,19.0,1.0,False,0.7949909671742548,8.550649221096654,12.195706249364957
171287,Gomez,Joe,Gomez,DEF,14,50,i,0.0,,,,0.28,0.64,6.6,Liverpool,Liverpool,6.6,46.0,20.0,1.0,False,2.197067982746317,9.206912685583777,12.193449427467678
205651,G.Jesus,Gabriel,Fernando de Jesus,FWD,1,60,a,,,,,2.71,0.26,4.644444444444445,Arsenal,Arsenal,4.644444444444445,11.0,19.0,1.0,False,0.30242672792289893,15.890859257734549,11.922426727922899
472713,Hickey,Aaron,Hickey,DEF,4,45,a,,,,,0.44,0.17,7.544444444444444,Brentford,Brentford,7.544444444444444,51.0,35.0,1.0,False,2.20325646445644,8.020973864032173,11.723129275775559
577016,Acheampong,Josh,Acheampong,DEF,6,45,a,,,,,0.62,0.13,7.3,Chelsea,Chelsea,7.3,44.0,26.0,1.0,False,1.2530146384012009,8.232687211215962,11.689184811230309
570526,Bergvall,Lucas,Bergvall,MID,19,55,a,,,,,1.23,0.43,10.61111111111111,Spurs,Spurs,10.61111111111111,40.0,39.0,1.0,False,1.614277467754002,8.799469388318785,11.511439241392727
76357,Cairney,Tom,Cairney,MID,10,50,a,,,,,1.21,0.81,8.4,Fulham,Fulham,8.4,19.0,42.0,1.0,False,1.1101109486687815,7.663996072039134,11.284257448803748
486520,Gruev,Ilia,Gruev,MID,13,50,a,,,,,0.49,0.86,14.644444444444444,Leeds,Leeds,14.644444444444444,63.0,51.0,1.0,False,2.841027987843969,8.629769008873161,11.196769377813217
437738,Bornauw,Sebastiaan,Bornauw,DEF,13,45,a,,,,,0.2,0.01,4.766666666666667,Leeds,Leeds,4.766666666666667,49.0,13.0,1.0,False,5.496362800129578,8.629769008873161,11.056387250195762
223541,Chiesa,Federico,Chiesa,MID,14,55,a,,,,,1.45,0.61,3.522222222222222,Liverpool,Liverpool,3.522222222222222,21.0,9.0,1.0,False,1.076543943252112,9.206912685583777,11.009933218494819
477064,Lewis,Rico,Lewis,DEF,15,45,a,,,,,0.19,1.39,4.455555555555556,Man City,Man City,4.455555555555556,19.0,15.0,1.0,False,0.1091483319729468,11.180431996478585,10.662836320964658
219168,Isak,Alexander,Isak,FWD,14,90,a,,1.0,,,2.59,0.08,7.711111111111111,Liverpool,Liverpool,7.711111111111111,17.0,13.0,1.0,False,0.011160930712567178,9.206912685583777,10.611160930712566
215711,Bailey,Leon,Bailey,MID,2,55,a,,,,,0.5,1.46,5.0,Aston Villa,Aston Villa,5.0,17.0,31.0,1.0,False,2.587589783838049,8.550649221096654,10.592675207666556
515621,Chadi Riad,Chadi,Riad Dnanou,DEF,8,45,a,,,,,0.33,0.13,6.111111111111111,Crystal Palace,Crystal Palace,6.111111111111111,45.0,32.0,1.0,False,2.5447325940767396,7.824994251799617,9.94835462739813
205533,Nketiah,Eddie,Nketiah,FWD,8,55,a,,,,,1.77,0.46,4.6,Crystal Palace,Crystal Palace,4.6,21.0,17.0,1.0,False,1.2113579742397271,7.824994251799617,9.671357974239728
554197,Rigg,Chris,Rigg,MID,20,50,a,,,,,0.86,0.93,8.422222222222222,Sunderland,Sunderland,8.422222222222222,28.0,29.0,1.0,False,0.7335214859812711,7.765504479579292,9.544647917420189
575458,Jair Cunha,Jair,Paula da Cunha Filho,DEF,18,45,a,,,,,0.27,0.06,5.711111111111111,Nott'm Forest,Nott'm Forest,5.711111111111111,47.0,13.0,1.0,False,3.5664468244352805,6.91644527595093,9.524403399685314
168636,Enes Ünal,Enes,Ünal,FWD,3,55,a,,,5.0,,2.0,0.07,2.3777777777777778,Bournemouth,Bournemouth,2.3777777777777778,16.0,7.0,1.0,False,1.2682805816884677,8.530421646629756,9.478280581688468
492859,Gnonto,Wilfried,Gnonto,MID,13,50,a,,,,,0.4,0.77,5.788888888888889,Leeds,Leeds,5.788888888888889,33.0,26.0,1.0,False,3.7656756996993415,8.629769008873161,9.390327645203119
204968,Yates,Ryan,Yates,MID,18,45,a,,,,,0.49,0.37,6.688888888888889,Nott'm Forest,Nott'm Forest,6.688888888888889,51.0,18.0,1.0,False,4.543457599253276,6.91644527595093,9.32091375601423
173879,Abraham,Tammy,Abraham,FWD,2,55,i,0.0,,,,2.05,0.36,3.088888888888889,Aston Villa,Aston Villa,3.088888888888889,7.0,6.0,1.0,False,0.008632137780698103,8.550649221096654,9.288632137780697
242880,B.Badiashile,Benoît,Badiashile Mukinayi,DEF,6,45,a,,,,,0.0,0.06,5.222222222222222,Chelsea,Chelsea,5.222222222222222,48.0,16.0,1.0,False,4.572626001921516,8.232687211215962,9.278196749607483
620487,Milosavljević,Veljko,Milosavljevic,DEF,3,50,a,,,,,0.15,0.19,4.0777777777777775,Bournemouth,Bournemouth,4.0777777777777775,39.0,13.0,1.0,False,3.9675457855349445,8.530421646629756,9.099141977714032
513466,Röhl,Merlin,Röhl,MID,9,50,a,,,,,0.67,0.35,7.5,Everton,Everton,7.5,40.0,28.0,1.0,False,3.0526067220730773,7.837359265165153,8.999453945460937
231065,Pinnock,Ethan,Pinnock,DEF,4,45,a,,,,,0.01,0.06,3.533333333333333,Brentford,Brentford,3.533333333333333,42.0,11.0,1.0,False,5.282881700926377,8.020973864032173,8.506121102987466
616077,Dowman,Max,Dowman,MID,1,55,a,,,,,1.19,0.3,1.6888888888888889,Arsenal,Arsenal,1.6888888888888889,3.0,13.0,1.0,False,0.8282627954468201,15.890859257734549,8.384523206901688
167512,O'Nien,Luke,O'Nien,DEF,20,40,a,,,,,0.15,0.13,6.277777777777778,Sunderland,Sunderland,6.277777777777778,43.0,10.0,1.0,False,1.9408635699682875,7.765504479579292,8.362454249456357
200617,James,Daniel,James,MID,13,50,a,,,,,0.91,0.71,6.0777777777777775,Leeds,Leeds,6.0777777777777775,16.0,19.0,1.0,False,0.18453652911330506,8.629769008873161,8.244794905678692
463936,Gittens,Jamie,Bynoe-Gittens,MID,6,60,a,,,,,0.81,0.94,5.4,Chelsea,Chelsea,5.4,14.0,15.0,1.0,False,0.09996231735457083,8.232687211215962,8.13987050000105
550615,George,Tyrique,George,MID,9,55,a,,,,,0.64,1.19,3.9,Everton,Everton,3.9,9.0,14.0,1.0,False,0.1394520161844642,7.837359265165153,7.71381257234615
609873,Armstrong,Harrison,Armstrong,MID,9,50,a,,,,,0.79,0.22,5.822222222222222,Everton,Everton,5.822222222222222,26.0,24.0,1.0,False,1.850560159603,7.837359265165153,7.661371930055204
515597,Bogarde,Lamare,Bogarde,MID,2,50,a,,,,,0.0,0.2,11.577777777777778,Aston Villa,Aston Villa,11.577777777777778,60.0,43.0,1.0,False,4.331319233101492,8.550649221096654,7.536517036722168
461199,Mundle,Romaine,Mundle,MID,20,50,a,,,,,0.87,0.48,4.433333333333334,Sunderland,Sunderland,4.433333333333334,11.0,22.0,1.0,False,0.6737305576392912,7.765504479579292,7.369706080256875
219249,O'Riley,Matt,O'Riley,MID,5,55,a,,2.0,,,1.21,0.18,2.2444444444444445,Brighton,Brighton,2.2444444444444445,8.0,2.0,1.0,False,0.009966695585799866,9.236033102101386,7.145486779394127
499309,Marc Guiu,Marc,Guiu Paz,FWD,6,50,a,,,,,1.54,0.29,2.9444444444444446,Chelsea,Chelsea,2.9444444444444446,4.0,4.0,1.0,False,0.000165417108835121,8.232687211215962,7.030165417108836
476887,Bakwa,Dilane,Bakwa,MID,18,55,a,,,,6.0,0.54,1.01,6.1,Nott'm Forest,Nott'm Forest,6.1,7.0,28.0,1.0,False,0.18058290586602513,6.91644527595093,7.020854384373938
200641,Nelson,Reiss,Nelson,MID,1,55,a,,,,,0.71,0.11,1.3111111111111111,Arsenal,Brentford,1.3111111111111111,7.0,16.0,0.8673759908896593,True,2.1742053582015846,15.890859257734549,6.60248646709418
243571,Patterson,Nathan,Patterson,DEF,9,45,a,,,,,0.03,0.04,2.6444444444444444,Everton,Everton,2.6444444444444444,31.0,14.0,1.0,False,3.8743324949063815,7.837359265165153,6.355959986262295
536661,Angulo,Nilson,Angulo,MID,20,50,a,,,,,0.77,0.12,4.455555555555556,Sunderland,Sunderland,4.455555555555556,26.0,9.0,1.0,False,0.9068543998767701,7.765504479579292,6.027371153184166
115556,Davies,Ben,Davies,DEF,19,40,a,,,,,0.49,0.07,1.511111111111111,Spurs,Spurs,1.511111111111111,14.0,5.0,1.0,False,1.3522138451541055,8.799469388318785,5.901895525635222
535818,Adingra,Simon,Adingra,MID,20,50,a,,,,,0.35,0.62,7.211111111111111,Sunderland,Sunderland,7.211111111111111,24.0,21.0,1.0,False,0.37598145851137565,7.765504479579292,5.459610817355516
470315,Netz,Luca,Netz,DEF,18,45,a,,,,,0.0,0.41,3.922222222222222,Nott'm Forest,Nott'm Forest,3.922222222222222,27.0,15.0,1.0,False,1.238827972905722,6.91644527595093,5.324389589760316
499169,Lewis-Skelly,Myles,Lewis-Skelly,MID,1,55,a,,,,,0.1,0.2,7.7444444444444445,Arsenal,Arsenal,7.7444444444444445,25.0,30.0,1.0,False,0.8996828744627156,15.890859257734549,5.238258576989319
460028,Colwill,Levi,Samuels Colwill,DEF,6,50,a,,,,,0.0,0.12,2.5,Chelsea,Chelsea,2.5,25.0,9.0,1.0,False,2.710351427640738,8.232687211215962,5.236848062171254
514356,Lavia,Roméo,Lavia,MID,6,50,a,,,,,0.21,0.55,4.155555555555556,Chelsea,Chelsea,4.155555555555556,17.0,20.0,1.0,False,1.5604435028418249,8.232687211215962,5.160743215413396
496661,Dibling,Tyler,Dibling,MID,9,55,a,,,,,0.2,0.14,3.8777777777777778,Everton,Everton,3.8777777777777778,18.0,22.0,1.0,False,2.6336099587990827,7.837359265165153,4.853387263928509
432714,McAtee,James,McAtee,MID,18,55,a,,,,,0.18,0.37,3.2,Nott'm Forest,Nott'm Forest,3.2,14.0,18.0,1.0,False,1.9406326636601208,6.91644527595093,4.533070160582304
494307,Alleyne,Max,Alleyne,DEF,15,50,a,,,,,0.26,0.06,1.5,Man City,Man City,1.5,11.0,4.0,1.0,False,0.6145418524934971,11.180431996478585,4.119873220358537
91651,Kovačić,Mateo,Kovačić,MID,15,55,a,,,,,0.13,0.42,1.3888888888888888,Man City,Man City,1.3888888888888888,8.0,10.0,1.0,False,1.7854536276604298,11.180431996478585,4.104095147999559
235826,Piroe,Joël,Piroe,FWD,13,50,a,,3.0,,,0.9,0.13,2.7111111111111112,Leeds,Leeds,2.7111111111111112,4.0,10.0,1.0,False,0.03764811023505547,8.629769008873161,4.027648110235056
244858,Carvalho,Fábio,Freitas Gouveia Carvalho,MID,4,50,i,0.0,,,,0.7,0.03,1.1111111111111112,Brentford,Brentford,1.1111111111111112,3.0,5.0,1.0,False,0.13979074201748265,8.020973864032173,3.964322141550587
550090,Coppola,Diego,Coppola,DEF,5,45,a,,,,,0.0,0.01,2.1444444444444444,Brighton,Brighton,2.1444444444444444,18.0,6.0,1.0,False,1.429393372463756,9.236033102101386,3.5442523066223144
221399,Harrison,Jack,Harrison,MID,13,50,a,,,,,0.28,0.23,2.911111111111111,Leeds,Leeds,2.911111111111111,11.0,13.0,1.0,False,0.7589814320771656,8.629769008873161,3.5100923912364546
574458,M.Sarr,Mamadou,Sarr,DEF,6,45,a,,,,,0.35,0.0,1.1111111111111112,Chelsea,Chelsea,1.1111111111111112,8.0,2.0,1.0,False,0.42300026387394746,8.232687211215962,3.4858876569986212
614574,Tóth.A,Alex,Tóth,MID,3,50,a,,,,,0.11,0.33,1.5,Bournemouth,Bournemouth,1.5,9.0,8.0,1.0,False,1.3813800832616858,8.530421646629756,3.258107253523387
608181,Tzimas,Stefanos,Tzimas,FWD,5,55,d,75.0,,,,0.44,0.11,1.4666666666666666,Brighton,Brighton,1.4666666666666666,5.0,10.0,1.0,False,0.9660769479159753,9.236033102101386,3.056076947915975
496208,Gannon-Doak,Ben,Gannon-Doak,MID,3,50,a,,,,,0.26,0.13,1.1666666666666667,Bournemouth,Bournemouth,1.1666666666666667,7.0,6.0,1.0,False,1.0214913514358255,8.530421646629756,2.973390261639371
158983,Endo,Endo,Wataru,MID,14,50,d,75.0,,,,0.04,0.05,1.8888888888888888,Liverpool,Liverpool,1.8888888888888888,20.0,3.0,1.0,False,2.109623348533167,9.206912685583777,2.9172769030797285
223434,Igor,Igor Julio,dos Santos de Paulo,DEF,5,45,a,,,,,0.0,0.0,1.1444444444444444,Brighton,Brighton,1.1444444444444444,13.0,3.0,1.0,False,1.5957447719913562,9.236033102101386,2.7083896954024
128295,Nørgaard,Christian,Nørgaard,MID,1,50,a,,,,,0.08,0.04,1.1222222222222222,Arsenal,Arsenal,1.1222222222222222,12.0,4.0,1.0,False,1.7081912138548832,15.890859257734549,2.697482671466342
591386,Nyoni,Trey,Nyoni,MID,14,50,a,,,,,0.37,0.02,0.23333333333333334,Liverpool,Liverpool,0.23333333333333334,1.0,4.0,1.0,False,0.46184733910978487,9.206912685583777,2.4283810134949486
499175,Nwaneri,Ethan,Nwaneri,MID,1,55,a,,,,,0.23,0.08,1.8333333333333333,Arsenal,Arsenal,1.8333333333333333,3.0,10.0,1.0,False,0.2110654868224131,15.890859257734549,2.367729749256975
105717,Masuaku,Arthur,Masuaku,DEF,20,40,a,,,,,0.07,0.08,1.3888888888888888,Sunderland,Sunderland,1.3888888888888888,10.0,3.0,1.0,False,0.5287503298424352,7.765504479579292,2.324058002295548
153366,Reed,Harrison,Reed,MID,10,45,a,,,,,0.13,0.45,0.9888888888888889,Fulham,Fulham,0.9888888888888889,1.0,5.0,1.0,False,0.04282656002055233,7.663996072039134,2.242269732655489
660392,Uche,Christantus,Uche,FWD,8,50,u,0.0,,,,0.49,0.01,1.7666666666666666,Crystal Palace,Crystal Palace,1.7666666666666666,4.0,9.0,1.0,False,0.2516891674349329,7.824994251799617,2.241689167434933
519634,Seelt,Jenson,Seelt,DEF,20,45,a,,,,,0.0,0.01,1.4777777777777779,Sunderland,Sunderland,1.4777777777777779,12.0,6.0,1.0,False,0.881967337312284,7.765504479579292,2.1199347008023963
606798,A.García,Andrés,García,DEF,2,40,a,,,,,0.0,0.01,0.9222222222222223,Aston Villa,Aston Villa,0.9222222222222223,10.0,4.0,1.0,False,1.184598796433717,8.550649221096654,2.0446618202360822
218364,Sosa,Borna,Sosa,DEF,8,45,a,,,,,0.04,0.07,1.1,Crystal Palace,Crystal Palace,1.1,9.0,3.0,1.0,False,0.6735870313142096,7.824994251799617,2.02963899731206
549067,Abbott,Zach,Abbott,DEF,18,40,a,,,,,0.0,0.01,1.8333333333333333,Nott'm Forest,Nott'm Forest,1.8333333333333333,13.0,10.0,1.0,False,0.6557505983604954,6.91644527595093,2.020503195473833
444884,Elliott,Harvey,Elliott,MID,14,55,a,,,,,0.29,0.08,1.2222222222222223,Liverpool,Aston Villa,1.2222222222222223,2.0,4.0,1.0267060573987474,True,0.014159325770068683,9.206912685583777,2.0002880963590206
465680,Kalimuendo,Arnaud,Kalimuendo,FWD,18,55,a,,,,,0.44,0.02,0.9888888888888889,Nott'm Forest,Nott'm Forest,0.9888888888888889,2.0,4.0,1.0,False,0.04282656002055233,6.91644527595093,1.8628265600205525
172780,Maddison,James,Maddison,MID,19,65,a,,,,,0.21,0.06,0.37777777777777777,Spurs,Spurs,0.37777777777777777,1.0,4.0,1.0,False,0.5064281517278232,8.799469388318785,1.823908256757893
616221,Souza,João Victor,de Souza Menezes,DEF,19,40,a,,,,,0.02,0.03,1.5777777777777777,Spurs,Spurs,1.5777777777777777,6.0,3.0,1.0,False,0.018390650038116785,8.799469388318785,1.6898229928934005
590014,Cardines,Rio,Cardines,DEF,8,45,a,,,,,0.02,0.16,1.0,Crystal Palace,Crystal Palace,1.0,3.0,4.0,1.0,False,0.002204976260230973,7.824994251799617,1.4258885817128222
536916,Buonanotte,Facundo,Buonanotte,MID,5,50,a,,,,,0.06,0.28,0.9,Brighton,Leeds,0.9,3.0,3.0,0.9522925909554326,True,0.052465130414194226,9.236033102101386,1.4112132828323851
547037,J.Fletcher,Jack,Fletcher,MID,16,50,a,,,,,0.03,0.02,1.1888888888888889,Man Utd,Man Utd,1.1888888888888889,7.0,4.0,1.0,False,0.5281911981266755,10.119135800339231,1.054784043341967
590039,Mukasa,Divine,Mukasa,MID,15,45,a,,,,,0.0,0.21,0.2777777777777778,Man City,Man City,0.2777777777777778,0.0,1.0,1.0,False,0.00020573441737022544,11.180431996478585,0.7119340384851962
576628,Lacey,Shea,Lacey,MID,16,50,a,,,,,0.1,0.01,0.4444444444444444,Man Utd,Man Utd,0.4444444444444444,1.0,2.0,1.0,False,0.03808932742274093,10.119135800339231,0.6864417929237846
491007,D.Essugo,Dário,Luís Essugo,MID,6,45,a,,,,,0.0,0.01,0.28888888888888886,Chelsea,Chelsea,0.28888888888888886,7.0,1.0,1.0,False,0.5776172955873211,8.232687211215962,0.670204976140425
606921,Esse,Romain,Esse,MID,8,50,a,,,,,0.0,0.04,0.4444444444444444,Crystal Palace,Crystal Palace,0.4444444444444444,3.0,2.0,1.0,False,0.40048873831348825,7.824994251799617,0.6120091389193317
653481,Alysson,Alysson Edward Franco,da Rocha dos Santos,MID,2,50,a,,,,,0.05,0.05,0.5222222222222223,Aston Villa,Aston Villa,0.5222222222222223,1.0,3.0,1.0,False,0.09288047794979222,8.550649221096654,0.610389399994103
549074,Watson,Tom,Watson,MID,5,50,a,,,,,0.04,0.03,0.6333333333333333,Brighton,Brighton,0.6333333333333333,1.0,4.0,1.0,False,0.1323355243532482,9.236033102101386,0.5762694093882713
183656,Dasilva,Josh,Dasilva,MID,4,50,a,,,,,0.08,0.0,0.022222222222222223,Brentford,Brentford,0.022222222222222223,0.0,1.0,1.0,False,0.04444444438037506,8.020973864032173,0.44913507237103717
631786,Kusi-Asare,Jonah,Kusi-Asare,FWD,10,45,a,,,,,0.0,0.07,0.5444444444444444,Fulham,Fulham,0.5444444444444444,1.0,4.0,1.0,False,0.23429232657344576,7.663996072039134,0.44429232657344575
597320,Howell,Harry,Howell,MID,5,45,a,,,,,0.0,0.03,1.0222222222222221,Brighton,Brighton,1.0222222222222221,4.0,3.0,1.0,False,0.09562229131052404,9.236033102101386,0.4340769829459999
575901,Soler,Julio,Soler Barreto,DEF,3,40,a,,,,,0.0,0.0,0.37777777777777777,Bournemouth,Bournemouth,0.37777777777777777,1.0,4.0,1.0,False,0.0003256975541959337,8.530421646629756,0.3395471431511687
577285,George Hemmings,George,Hemmings,MID,2,45,a,,,,,0.04,0.01,0.2777777777777778,Aston Villa,Aston Villa,0.2777777777777778,0.0,1.0,1.0,False,0.00020573441737022544,8.550649221096654,0.2927104801856206
499726,Olusesi,Callum,Olusesi,MID,19,45,a,,,,,0.0,0.01,0.15555555555555556,Spurs,Spurs,0.15555555555555556,0.0,2.0,1.0,False,0.19667831624881085,8.799469388318785,0.2626995359670749
699989,Jocelin.T,Djiamgone Jocelin Ta,Bi,MID,20,50,a,,,,,0.0,0.04,0.4222222222222222,Sunderland,Sunderland,0.4222222222222222,1.0,2.0,1.0,False,0.0491874966409745,7.765504479579292,0.25547087974741106
543295,Milambo,Antoni,Milambo,MID,4,50,d,75.0,,,,0.0,0.01,0.5,Brentford,Brentford,0.5,2.0,2.0,1.0,False,0.11192400101851852,8.020973864032173,0.24746313080841553
545477,A.Murphy,Alex,Murphy,DEF,17,40,a,,,,,0.0,0.0,0.07777777777777778,Newcastle,Newcastle,0.07777777777777778,4.0,0.0,1.0,False,0.1555555555554954,8.410057112543342,0.2244098243131602
519913,Fletcher,Tyler,Fletcher,MID,16,45,a,,,,,0.0,0.01,0.18888888888888888,Man Utd,Man Utd,0.18888888888888888,0.0,2.0,1.0,False,0.14042225052024693,10.119135800339231,0.22072204835819048
672492,Drakes-Thomas,Joél,Drakes-Thomas,MID,8,45,a,,,,,0.0,0.0,0.07777777777777778,Crystal Palace,Crystal Palace,0.07777777777777778,1.0,2.0,1.0,False,0.15555552873925227,7.824994251799617,0.17157159884527487
490145,Scarlett,Dane,Scarlett,FWD,19,45,a,,,,,0.0,0.01,0.07777777777777778,Spurs,Spurs,0.07777777777777778,0.0,1.0,1.0,False,0.09833915812440543,8.799469388318785,0.12833915812440544
599303,Neave,Sean,Neave,FWD,17,45,a,,,,,0.03,0.0,0.14444444444444443,Newcastle,Newcastle,0.14444444444444443,0.0,0.0,1.0,False,0.0,8.410057112543342,0.12
576620,Bendito Mantato,Bendito,Mantato,MID,16,45,a,,,,,0.0,0.01,0.16666666666666666,Man Utd,Man Utd,0.16666666666666666,0.0,0.0,1.0,False,0.0,10.119135800339231,0.07438217456289137
547676,Fredricson,Tyler,Fredricson,DEF,16,40,a,,,,,0.0,0.0,0.022222222222222223,Man Utd,Man Utd,0.022222222222222223,2.0,0.0,1.0,False,0.044444444444444446,10.119135800339231,0.06811493754465317
645618,Burrowes,Bradley,Burrowes,MID,2,45,a,,,,,0.0,0.0,0.17777777777777778,Aston Villa,Aston Villa,0.17777777777777778,0.0,1.0,1.0,False,0.0045814825532106895,8.550649221096654,0.044584519844890945
567119,Mheuka,Shumaira,Mheuka,FWD,6,45,a,,,,,0.0,0.0,0.011111111111111112,Chelsea,Chelsea,0.011111111111111112,1.0,0.0,1.0,False,0.022222222222222223,8.232687211215962,0.022222222222222223
640419,Byfield,Jun'ai,Byfield,DEF,19,40,a,,,,,0.0,0.0,0.011111111111111112,Spurs,Spurs,0.011111111111111112,0.0,0.0,1.0,False,0.0,8.799469388318785,0.010291777062361153
499716,Rowswell,James,Rowswell,DEF,19,40,a,,,,,0.0,0.0,0.011111111111111112,Spurs,Spurs,0.011111111111111112,0.0,0.0,1.0,False,0.0,8.799469388318785,0.010291777062361153
556637,Oriola,Nehemiah,Oriola,MID,5,45,a,,,,,0.0,0.0,0.011111111111111112,Brighton,Brighton,0.011111111111111112,0.0,0.0,1.0,False,0.0,9.236033102101386,0.002700594474298651
500058,Danns,Jayden,Danns,FWD,14,45,i,0.0,,,,0.0,0.0,0.0,Liverpool,,,,,1.0,False,0.0,9.206912685583777,0.0
575204,Echeverri,Claudio,Echeverri,MID,15,50,a,,,,,0.0,0.0,0.0,Man City,,,,,1.0,False,0.0,11.180431996478585,0.0
244860,Hackney,Hayden,Hackney,MID,9,55,a,,,,,0.0,0.0,0.0,Everton,,,,,1.0,False,0.0,7.837359265165153,0.0
513086,Schuster,Jannik,Schuster,DEF,4,45,a,,,,,0.0,0.0,0.0,Brentford,,,,,1.0,False,0.0,8.020973864032173,0.0
489580,Ramsay,Calvin,Ramsay,DEF,14,40,a,,,,,0.0,0.0,0.0,Liverpool,,,,,1.0,False,0.0,9.206912685583777,0.0
593174,Furo,Kaye,Furo,FWD,4,45,a,,,,,0.0,0.0,0.011111111111111112,Brentford,Brentford,0.011111111111111112,0.0,0.0,1.0,False,0.0,8.020973864032173,0.0
444180,Anthony,Jaidon,Anthony,MID,4,60,a,,,,,0.0,0.0,0.0,Brentford,Burnley,30.18888888888889,91.0,141.0,1.023573465999832,True,0.0,8.020973864032173,0.0
535928,Bajcetic,Stefan,Bajčetić Maquieira,MID,14,50,i,0.0,,,,0.0,0.0,0.0,Liverpool,,,,,1.0,False,0.0,9.206912685583777,0.0
551499,Munoz,Victor,Munoz,MID,14,65,a,,,,,0.0,0.0,0.0,Liverpool,,,,,1.0,False,0.0,9.206912685583777,0.0
491501,McConnell,James,McConnell,MID,14,45,a,,,,,0.0,0.0,0.0,Liverpool,,,,,1.0,False,0.0,9.206912685583777,0.0
514514,Koumas,Lewis,Koumas,MID,14,50,a,,,,,0.0,0.0,0.0,Liverpool,,,,,1.0,False,0.0,9.206912685583777,0.0
561245,Rodríguez,Álvaro,Rodríguez,FWD,3,60,a,,,,,0.0,0.0,0.0,Bournemouth,,,,,1.0,False,0.0,8.530421646629756,0.0
570241,Ji-soo,Kim,Ji-soo,DEF,4,45,a,,,,,0.0,0.0,0.0,Brentford,,,,,1.0,False,0.0,8.020973864032173,0.0
204822,O.Richards,Omar,Richards,DEF,18,40,a,,,,,0.0,0.0,0.0,Nott'm Forest,,,,,1.0,False,0.0,6.91644527595093,0.0
436893,J.Araujo,Julián,Araujo Zúñiga,DEF,3,45,a,,,,,0.0,0.0,0.0,Bournemouth,,,,,1.0,False,0.0,8.530421646629756,0.0
499721,Moore,Mikey,Moore,MID,19,50,a,,,,,0.0,0.0,0.0,Spurs,,,,,1.0,False,0.0,8.799469388318785,0.0
445044,Kulusevski,Dejan,Kulusevski,MID,19,65,i,0.0,,,,0.0,0.0,0.0,Spurs,,,,,1.0,False,0.0,8.799469388318785,0.0
477547,Hjelde,Leo Fuhr,Hjelde,DEF,20,40,a,,,,,0.0,0.0,0.0,Sunderland,,,,,1.0,False,0.0,7.765504479579292,0.0
93605,Meunier,Thomas,Meunier,DEF,20,45,a,,,,,0.0,0.0,0.0,Sunderland,,,,,1.0,False,0.0,7.765504479579292,0.0
548308,Phillips,Ashley,Phillips,DEF,19,45,a,,,,,0.0,0.0,0.0,Spurs,,,,,1.0,False,0.0,8.799469388318785,0.0
204561,Schlager,Xaver,Schlager,MID,18,50,a,,,,,0.0,0.0,0.0,Nott'm Forest,,,,,1.0,False,0.0,6.91644527595093,0.0
538638,Bindon,Tyler,Bindon,DEF,18,40,a,,,,,0.0,0.0,0.0,Nott'm Forest,,,,,1.0,False,0.0,6.91644527595093,0.0
565297,Mateo Joseph,Mateo,Joseph Fernández-Regatillo,FWD,13,45,a,,,,,0.0,0.0,0.0,Leeds,,,,,1.0,False,0.0,8.629769008873161,0.0
519440,Lucky,Wellity,Lucky,DEF,14,40,a,,,,,0.0,0.0,0.0,Liverpool,,,,,1.0,False,0.0,9.206912685583777,0.0
606702,Jacquet,Jeremy,Jacquet,DEF,14,50,a,100.0,,,,0.0,0.0,0.0,Liverpool,,,,,1.0,False,0.0,9.206912685583777,0.0
647681,Leoni,Giovanni,Leoni,DEF,14,40,i,0.0,,,,0.0,0.0,0.0,Liverpool,,,,,1.0,False,0.0,9.206912685583777,0.0
214285,Tsimikas,Kostas,Tsimikas,DEF,14,50,a,,,,,0.0,0.0,0.0,Liverpool,,,,,1.0,False,0.0,9.206912685583777,0.0
649208,Monga,Jeremy,Monga,MID,15,50,a,,,,,0.0,0.0,0.0,Man City,,,,,1.0,False,0.0,11.180431996478585,0.0
155405,Phillips,Kalvin,Phillips,MID,15,50,a,,,,,0.0,0.0,0.0,Man City,,,,,1.0,False,0.0,11.180431996478585,0.0
522047,Muharemović,Tarik,Muharemović,DEF,13,50,a,,,,,0.0,0.0,0.0,Leeds,,,,,1.0,False,0.0,8.629769008873161,0.0
462635,Gelhardt,Joe,Gelhardt,MID,13,50,a,,,,,0.0,0.0,0.0,Leeds,,,,,1.0,False,0.0,8.629769008873161,0.0
616222,Vitor Reis,Vitor,de Oliveira Nunes dos Reis,DEF,15,45,a,,,,,0.0,0.0,0.0,Man City,,,,,1.0,False,0.0,11.180431996478585,0.0
242313,Mingueza,Oscar,Mingueza,DEF,8,45,a,,,,,0.0,0.0,0.0,Crystal Palace,,,,,1.0,False,0.0,7.824994251799617,0.0
536694,M.França,Matheus,França de Oliveira,MID,8,50,a,,,,,0.0,0.0,0.0,Crystal Palace,,,,,1.0,False,0.0,7.824994251799617,0.0
610799,Vuskovic,Luka,Vušković,DEF,5,50,a,,,,,0.0,0.0,0.0,Brighton,,,,,1.0,False,0.0,9.236033102101386,0.0
490881,Collyer,Toby,Collyer,MID,16,50,a,,,,,0.0,0.0,0.0,Man Utd,,,,,1.0,False,0.0,10.119135800339231,0.0
596047,Obi,Chido,Obi,FWD,16,45,a,,,,,0.0,0.0,0.0,Man Utd,,,,,1.0,False,0.0,10.119135800339231,0.0
577974,Amass,Harry,Amass,DEF,16,40,a,,,,,0.0,0.0,0.0,Man Utd,,,,,1.0,False,0.0,10.119135800339231,0.0
176297,Rashford,Marcus,Rashford,MID,16,70,a,,,,,0.0,0.0,0.0,Man Utd,,,,,1.0,False,0.0,10.119135800339231,0.0
700308,Yohanna,Zadok,Yohanna,MID,5,50,a,,,,,0.0,0.0,0.0,Brighton,,,,,1.0,False,0.0,9.236033102101386,0.0
487117,Ferguson,Evan,Ferguson,FWD,5,50,i,0.0,,,,0.0,0.0,0.0,Brighton,,,,,1.0,False,0.0,9.236033102101386,0.0
450542,J.Rak-Sakyi,Jesurun,Rak-Sakyi,MID,8,50,a,,,,,0.0,0.0,0.0,Crystal Palace,,,,,1.0,False,0.0,7.824994251799617,0.0
438464,Doucouré,Cheick,Doucouré,MID,8,50,a,,,,,0.0,0.0,0.0,Crystal Palace,,,,,1.0,False,0.0,7.824994251799617,0.0
220362,Disasi,Axel,Disasi,DEF,6,45,a,,,,,0.0,0.0,0.0,Chelsea,West Ham,13.933333333333334,88.0,32.0,0.9079110675941636,True,0.0,8.232687211215962,0.0
620109,Palestra,Marco,Palestra,DEF,6,55,a,,,,,0.0,0.0,0.0,Chelsea,,,,,1.0,False,0.0,8.232687211215962,0.0
499300,Aznou,Adam,Aznou,DEF,9,40,a,,,,,0.0,0.0,0.0,Everton,,,,,1.0,False,0.0,7.837359265165153,0.0
454490,Svoboda,Michael,Svoboda,DEF,5,50,a,,,,,0.0,0.0,0.0,Brighton,,,,,1.0,False,0.0,9.236033102101386,0.0
517052,N.Jackson,Nicolas,Jackson,FWD,6,65,a,,,,,0.0,0.0,0.0,Chelsea,,,,,1.0,False,0.0,8.232687211215962,0.0
593117,Quenda,Geovany,Quenda,MID,6,55,d,75.0,,,,0.0,0.0,0.0,Chelsea,,,,,1.0,False,0.0,8.232687211215962,0.0
503037,Emegha,Emmanuel,Emegha,FWD,6,50,d,75.0,,,,0.0,0.0,0.0,Chelsea,,,,,1.0,False,0.0,8.232687211215962,0.0
75115,Wilson,Callum,Wilson,FWD,4,55,a,,,,,0.0,0.0,0.0,Brentford,West Ham,13.71111111111111,14.0,27.0,1.017618998873394,True,0.0,8.020973864032173,0.0
636852,Steur,Sean,Steur,MID,17,50,a,,,,,0.0,0.0,0.0,Newcastle,,,,,1.0,False,0.0,8.410057112543342,0.0
611665,Touré,Bazoumana,Touré,MID,17,60,a,,,,,0.0,0.0,0.0,Newcastle,,,,,1.0,False,0.0,8.410057112543342,0.0
451490,Costinha,João Pedro,Loureiro da Costa,DEF,5,45,a,,,,,0.0,0.0,0.0,Brighton,,,,,1.0,False,0.0,9.236033102101386,0.0
469247,Iling Jr,Samuel,Iling-Junior,MID,2,50,a,,,,,0.0,0.0,0.0,Aston Villa,,,,,1.0,False,0.0,8.550649221096654,0.0
439509,Tzolis,Christos,Tzolis,MID,1,65,a,,,,,0.0,0.0,0.0,Arsenal,,,,,1.0,False,0.0,15.890859257734549,0.0
614071,Manzambi,Johan,Manzambi,MID,2,60,a,,,,,0.0,0.0,0.0,Aston Villa,,,,,1.0,False,0.0,8.550649221096654,0.0
578545,Nedeljkovic,Kosta,Nedeljkovic,DEF,2,40,a,,,,,0.0,0.0,0.0,Aston Villa,,,,,1.0,False,0.0,8.550649221096654,0.0
438098,Fábio Vieira,Fábio,Ferreira Vieira,MID,1,55,a,,,,,0.0,0.0,0.0,Arsenal,,,,,1.0,False,0.0,15.890859257734549,0.0
